UserName,profileId,systemTimeZone,lastUpdated,uuid,absoluteDays,endDateGMT,endUnit,allDay,calendarTitle,multimediaUrl,activityType.displayText,activityType.iconText,activityType.hasStickyTitle,activityType.isActive,activityType.lastUsedTime,activityType.type,activityType.isOriginalActivity,activityType.displayIndex,activityType.iconUri,calendarType,comment,startDateFull,endDateFull,notificationType,wantsNotification,version,hasRecurranceRules,startUnit,localTimeZone,location,marketPlaceRoutineId,startDate,isDetached,isFromMarketPlaceRoutine,eventIdentifier,calendarItemExternalIdentifier,title,type,startDateGMT,buildNumber,creationDate,token,Gender,BirthDate,chronotype,UserLocationName
fbe00,149c33ef5c,CET,2024-12-20T10:56:24.000Z,3930949f0b,8803,2025-02-07T12:30:00.000Z,54,0,null,null,Relajar,null,0,1,"12/20/2024, 11:56:24 ?",5,1,15,activity_relax_7,0,null,"02/07/2025, 12:30:00 ?","02/07/2025, 13:30:00 ?",2,1,4,0,50,CET,null,0,null,0,0,null,null,PrepÃ¡rate,0,2025-02-07T11:30:00.000Z,5.0 (11),"12/20/2024, 11:56:24 ?",9ptmogeelyp9xr5j2rvldjxss8jkgp4g7,null,null,,null
fbe00,149c33ef5c,CET,2024-12-20T10:56:24.000Z,57a87f3a8c,8809,2025-02-13T20:00:00.000Z,84,0,null,null,Comer,null,0,1,"12/20/2024, 11:56:24 ?",3,1,6,activity_eat_0,0,null,"02/13/2025, 20:30:00 ?","02/13/2025, 21:00:00 ?",2,1,4,0,82,CET,null,0,null,0,0,null,null,Comer,0,2025-02-13T19:30:00.000Z,5.0 (11),"12/20/2024, 11:56:24 ?",9ptmogeelyp9xr5j2rvldjxss8jkgp4g8,null,null,,null
fbe00,149c33ef5c,CET,2024-12-20T10:56:24.000Z,d7d2272734,8789,2025-01-24T22:00:00.000Z,92,0,null,null,Trabajo,null,0,1,"12/20/2024, 11:56:24 ?",2,1,3,activity_work_0,0,null,"01/24/2025, 21:00:00 ?","01/24/2025, 23:00:00 ?",2,1,4,0,84,CET,null,0,null,0,0,null,null,Trabajo,0,2025-01-24T20:00:00.000Z,5.0 (11),"12/20/2024, 11:56:24 ?",9ptmogeelyp9xr5j2rvldjxss8jkgp4g9,null,null,,null
fbe00,149c33ef5c,CET,2024-12-20T10:56:24.000Z,51d2d3ba17,8786,2025-01-21T22:00:00.000Z,92,0,null,null,Trabajo,null,0,1,"12/20/2024, 11:56:24 ?",2,1,3,activity_work_0,0,null,"01/21/2025, 21:00:00 ?","01/21/2025, 23:00:00 ?",2,1,4,0,84,CET,null,0,null,0,0,null,null,Trabajo,0,2025-01-21T20:00:00.000Z,5.0 (11),"12/20/2024, 11:56:24 ?",9ptmogeelyp9xr5j2rvldjxss8jkgp4g10,null,null,,null
fbe00,149c33ef5c,CET,2024-12-20T10:56:24.000Z,d3d0e76be3,8807,2025-02-11T09:00:00.000Z,40,0,null,null,Dormir,ð??´,0,1,"12/20/2024, 11:56:24 ?",4,0,20,activity_sleep_12,0,null,"02/11/2025, 01:30:00 ?","02/11/2025, 10:00:00 ?",2,1,4,0,6,CET,null,0,null,0,0,null,null,Zzzzz's,0,2025-02-11T00:30:00.000Z,5.0 (11),"12/20/2024, 11:56:24 ?",9ptmogeelyp9xr5j2rvldjxss8jkgp4g11,null,null,,null
fbe00,149c33ef5c,CET,2024-12-20T10:56:24.000Z,b5f431df02,8790,2025-01-25T09:00:00.000Z,40,0,null,null,Dormir,ð??´,0,1,"12/20/2024, 11:56:24 ?",4,0,20,activity_sleep_12,0,null,"01/25/2025, 01:30:00 ?","01/25/2025, 10:00:00 ?",2,1,4,0,6,CET,null,0,null,0,0,null,null,Zzzzz's,0,2025-01-25T00:30:00.000Z,5.0 (11),"12/20/2024, 11:56:24 ?",9ptmogeelyp9xr5j2rvldjxss8jkgp4g12,null,null,,null
fbe00,149c33ef5c,CET,2024-12-20T10:56:24.000Z,7dc4369eed,8784,2025-01-19T12:30:00.000Z,54,0,null,null,Relajar,null,0,1,"12/20/2024, 11:56:24 ?",5,1,15,activity_relax_7,0,null,"01/19/2025, 12:30:00 ?","01/19/2025, 13:30:00 ?",2,1,4,0,50,CET,null,0,null,0,0,null,null,PrepÃ¡rate,0,2025-01-19T11:30:00.000Z,5.0 (11),"12/20/2024, 11:56:24 ?",9ptmogeelyp9xr5j2rvldjxss8jkgp4g13,null,null,,null
fbe00,149c33ef5c,CET,2024-12-20T10:56:24.000Z,fdddfd2d50,8795,2025-01-30T09:00:00.000Z,40,0,null,null,Dormir,ð??´,0,1,"12/20/2024, 11:56:24 ?",4,0,20,activity_sleep_12,0,null,"01/30/2025, 01:30:00 ?","01/30/2025, 10:00:00 ?",2,1,4,0,6,CET,null,0,null,0,0,null,null,Zzzzz's,0,2025-01-30T00:30:00.000Z,5.0 (11),"12/20/2024, 11:56:24 ?",9ptmogeelyp9xr5j2rvldjxss8jkgp4g14,null,null,,null
fbe00,149c33ef5c,CET,2024-12-20T10:56:24.000Z,a2ab4e156e,8787,2025-01-22T20:00:00.000Z,84,0,null,null,Comer,null,0,1,"12/20/2024, 11:56:24 ?",3,1,6,activity_eat_0,0,null,"01/22/2025, 20:30:00 ?","01/22/2025, 21:00:00 ?",2,1,4,0,82,CET,null,0,null,0,0,null,null,Comer,0,2025-01-22T19:30:00.000Z,5.0 (11),"12/20/2024, 11:56:24 ?",9ptmogeelyp9xr5j2rvldjxss8jkgp4g15,null,null,,null
fbe00,149c33ef5c,CET,2024-12-20T10:56:24.000Z,cb36eb808d,8805,2025-02-09T20:00:00.000Z,84,0,null,null,Comer,null,0,1,"12/20/2024, 11:56:24 ?",3,1,6,activity_eat_0,0,null,"02/09/2025, 20:30:00 ?","02/09/2025, 21:00:00 ?",2,1,4,0,82,CET,null,0,null,0,0,null,null,Comer,0,2025-02-09T19:30:00.000Z,5.0 (11),"12/20/2024, 11:56:24 ?",9ptmogeelyp9xr5j2rvldjxss8jkgp4g16,null,null,,null
fbe00,149c33ef5c,CET,2024-12-20T10:56:24.000Z,a98626a01e,8790,2025-01-25T20:00:00.000Z,84,0,null,null,Comer,null,0,1,"12/20/2024, 11:56:24 ?",3,1,6,activity_eat_0,0,null,"01/25/2025, 20:30:00 ?","01/25/2025, 21:00:00 ?",2,1,4,0,82,CET,null,0,null,0,0,null,null,Comer,0,2025-01-25T19:30:00.000Z,5.0 (11),"12/20/2024, 11:56:24 ?",9ptmogeelyp9xr5j2rvldjxss8jkgp4g17,null,null,,null
fbe00,149c33ef5c,CET,2024-12-20T10:56:24.000Z,7632ade9e9,8803,2025-02-07T20:00:00.000Z,84,0,null,null,Comer,null,0,1,"12/20/2024, 11:56:24 ?",3,1,6,activity_eat_0,0,null,"02/07/2025, 20:30:00 ?","02/07/2025, 21:00:00 ?",2,1,4,0,82,CET,null,0,null,0,0,null,null,Comer,0,2025-02-07T19:30:00.000Z,5.0 (11),"12/20/2024, 11:56:24 ?",9ptmogeelyp9xr5j2rvldjxss8jkgp4g18,null,null,,null
fbe00,149c33ef5c,CET,2024-12-20T10:56:24.000Z,2957750a2b,8806,2025-02-10T19:30:00.000Z,82,0,null,null,Trabajo,null,0,1,"12/20/2024, 11:56:24 ?",2,1,3,activity_work_0,0,null,"02/10/2025, 14:00:00 ?","02/10/2025, 20:30:00 ?",2,1,4,0,56,CET,null,0,null,0,0,null,null,Trabajo,0,2025-02-10T13:00:00.000Z,5.0 (11),"12/20/2024, 11:56:24 ?",9ptmogeelyp9xr5j2rvldjxss8jkgp4g19,null,null,,null
fbe00,149c33ef5c,CET,2024-12-20T10:56:24.000Z,10c07834e2,8789,2025-01-24T20:00:00.000Z,84,0,null,null,Comer,null,0,1,"12/20/2024, 11:56:24 ?",3,1,6,activity_eat_0,0,null,"01/24/2025, 20:30:00 ?","01/24/2025, 21:00:00 ?",2,1,4,0,82,CET,null,0,null,0,0,null,null,Comer,0,2025-01-24T19:30:00.000Z,5.0 (11),"12/20/2024, 11:56:24 ?",9ptmogeelyp9xr5j2rvldjxss8jkgp4g20,null,null,,null
fbe00,149c33ef5c,CET,2024-12-20T10:56:24.000Z,502924c28c,8810,2025-02-14T20:00:00.000Z,84,0,null,null,Comer,null,0,1,"12/20/2024, 11:56:24 ?",3,1,6,activity_eat_0,0,null,"02/14/2025, 20:30:00 ?","02/14/2025, 21:00:00 ?",2,1,4,0,82,CET,null,0,null,0,0,null,null,Comer,0,2025-02-14T19:30:00.000Z,5.0 (11),"12/20/2024, 11:56:24 ?",9ptmogeelyp9xr5j2rvldjxss8jkgp4g21,null,null,,null
fbe00,149c33ef5c,CET,2024-12-20T10:56:24.000Z,10a712c64c,8803,2025-02-07T22:00:00.000Z,92,0,null,null,Trabajo,null,0,1,"12/20/2024, 11:56:24 ?",2,1,3,activity_work_0,0,null,"02/07/2025, 21:00:00 ?","02/07/2025, 23:00:00 ?",2,1,4,0,84,CET,null,0,null,0,0,null,null,Trabajo,0,2025-02-07T20:00:00.000Z,5.0 (11),"12/20/2024, 11:56:24 ?",9ptmogeelyp9xr5j2rvldjxss8jkgp4g22,null,null,,null
fbe00,149c33ef5c,CET,2024-12-20T10:56:24.000Z,ab937dc0d6,8787,2025-01-22T11:30:00.000Z,50,0,null,null,Comer,null,0,1,"12/20/2024, 11:56:24 ?",3,1,6,activity_eat_0,0,null,"01/22/2025, 12:00:00 ?","01/22/2025, 12:30:00 ?",2,1,4,0,48,CET,null,0,null,0,0,null,null,Comer,0,2025-01-22T11:00:00.000Z,5.0 (11),"12/20/2024, 11:56:24 ?",9ptmogeelyp9xr5j2rvldjxss8jkgp4g23,null,null,,null
fbe00,149c33ef5c,CET,2024-12-20T10:56:24.000Z,4db79d80e4,8806,2025-02-10T11:30:00.000Z,50,0,null,null,Comer,null,0,1,"12/20/2024, 11:56:24 ?",3,1,6,activity_eat_0,0,null,"02/10/2025, 12:00:00 ?","02/10/2025, 12:30:00 ?",2,1,4,0,48,CET,null,0,null,0,0,null,null,Comer,0,2025-02-10T11:00:00.000Z,5.0 (11),"12/20/2024, 11:56:24 ?",9ptmogeelyp9xr5j2rvldjxss8jkgp4g24,null,null,,null
fbe00,149c33ef5c,CET,2024-12-20T10:56:24.000Z,cc87c34c0b,8807,2025-02-11T19:30:00.000Z,82,0,null,null,Trabajo,null,0,1,"12/20/2024, 11:56:24 ?",2,1,3,activity_work_0,0,null,"02/11/2025, 14:00:00 ?","02/11/2025, 20:30:00 ?",2,1,4,0,56,CET,null,0,null,0,0,null,null,Trabajo,0,2025-02-11T13:00:00.000Z,5.0 (11),"12/20/2024, 11:56:24 ?",9ptmogeelyp9xr5j2rvldjxss8jkgp4g25,null,null,,null
fbe00,149c33ef5c,CET,2024-12-20T10:56:24.000Z,3bf4b4b648,8808,2025-02-12T20:00:00.000Z,84,0,null,null,Comer,null,0,1,"12/20/2024, 11:56:24 ?",3,1,6,activity_eat_0,0,null,"02/12/2025, 20:30:00 ?","02/12/2025, 21:00:00 ?",2,1,4,0,82,CET,null,0,null,0,0,null,null,Comer,0,2025-02-12T19:30:00.000Z,5.0 (11),"12/20/2024, 11:56:24 ?",9ptmogeelyp9xr5j2rvldjxss8jkgp4g26,null,null,,null
fbe00,149c33ef5c,CET,2024-12-20T10:56:24.000Z,db4d495ec8,8799,2025-02-03T22:00:00.000Z,92,0,null,null,Trabajo,null,0,1,"12/20/2024, 11:56:24 ?",2,1,3,activity_work_0,0,null,"02/03/2025, 21:00:00 ?","02/03/2025, 23:00:00 ?",2,1,4,0,84,CET,null,0,null,0,0,null,null,Trabajo,0,2025-02-03T20:00:00.000Z,5.0 (11),"12/20/2024, 11:56:24 ?",9ptmogeelyp9xr5j2rvldjxss8jkgp4g27,null,null,,null
fbe00,149c33ef5c,CET,2024-12-20T10:56:24.000Z,27d31fe74b,8780,2025-01-15T22:00:00.000Z,92,0,null,null,Trabajo,null,0,1,"12/20/2024, 11:56:24 ?",2,1,3,activity_work_0,0,null,"01/15/2025, 21:00:00 ?","01/15/2025, 23:00:00 ?",2,1,4,0,84,CET,null,0,null,0,0,null,null,Trabajo,0,2025-01-15T20:00:00.000Z,5.0 (11),"12/20/2024, 11:56:24 ?",9ptmogeelyp9xr5j2rvldjxss8jkgp4g28,null,null,,null
fbe00,149c33ef5c,CET,2024-12-20T10:56:24.000Z,65c327c573,8804,2025-02-08T09:00:00.000Z,40,0,null,null,Dormir,ð??´,0,1,"12/20/2024, 11:56:24 ?",4,0,20,activity_sleep_12,0,null,"02/08/2025, 01:30:00 ?","02/08/2025, 10:00:00 ?",2,1,4,0,6,CET,null,0,null,0,0,null,null,Zzzzz's,0,2025-02-08T00:30:00.000Z,5.0 (11),"12/20/2024, 11:56:24 ?",9ptmogeelyp9xr5j2rvldjxss8jkgp4g29,null,null,,null
fbe00,149c33ef5c,CET,2024-12-20T10:56:24.000Z,100973d5ff,8808,2025-02-12T22:00:00.000Z,92,0,null,null,Trabajo,null,0,1,"12/20/2024, 11:56:24 ?",2,1,3,activity_work_0,0,null,"02/12/2025, 21:00:00 ?","02/12/2025, 23:00:00 ?",2,1,4,0,84,CET,null,0,null,0,0,null,null,Trabajo,0,2025-02-12T20:00:00.000Z,5.0 (11),"12/20/2024, 11:56:24 ?",9ptmogeelyp9xr5j2rvldjxss8jkgp4g30,null,null,,null
fbe00,149c33ef5c,CET,2024-12-20T10:56:24.000Z,d1c74c0841,8796,2025-01-31T20:00:00.000Z,84,0,null,null,Comer,null,0,1,"12/20/2024, 11:56:24 ?",3,1,6,activity_eat_0,0,null,"01/31/2025, 20:30:00 ?","01/31/2025, 21:00:00 ?",2,1,4,0,82,CET,null,0,null,0,0,null,null,Comer,0,2025-01-31T19:30:00.000Z,5.0 (11),"12/20/2024, 11:56:24 ?",9ptmogeelyp9xr5j2rvldjxss8jkgp4g31,null,null,,null
fbe00,149c33ef5c,CET,2024-12-20T10:56:24.000Z,6bba8715dc,8786,2025-01-21T19:30:00.000Z,82,0,null,null,Trabajo,null,0,1,"12/20/2024, 11:56:24 ?",2,1,3,activity_work_0,0,null,"01/21/2025, 14:00:00 ?","01/21/2025, 20:30:00 ?",2,1,4,0,56,CET,null,0,null,0,0,null,null,Trabajo,0,2025-01-21T13:00:00.000Z,5.0 (11),"12/20/2024, 11:56:24 ?",9ptmogeelyp9xr5j2rvldjxss8jkgp4g32,null,null,,null
fbe00,149c33ef5c,CET,2024-12-20T10:56:24.000Z,986aee852f,8793,2025-01-28T11:30:00.000Z,50,0,null,null,Comer,null,0,1,"12/20/2024, 11:56:24 ?",3,1,6,activity_eat_0,0,null,"01/28/2025, 12:00:00 ?","01/28/2025, 12:30:00 ?",2,1,4,0,48,CET,null,0,null,0,0,null,null,Comer,0,2025-01-28T11:00:00.000Z,5.0 (11),"12/20/2024, 11:56:24 ?",9ptmogeelyp9xr5j2rvldjxss8jkgp4g33,null,null,,null
fbe00,149c33ef5c,CET,2024-12-20T10:56:24.000Z,3e362163ae,8802,2025-02-06T22:00:00.000Z,92,0,null,null,Trabajo,null,0,1,"12/20/2024, 11:56:24 ?",2,1,3,activity_work_0,0,null,"02/06/2025, 21:00:00 ?","02/06/2025, 23:00:00 ?",2,1,4,0,84,CET,null,0,null,0,0,null,null,Trabajo,0,2025-02-06T20:00:00.000Z,5.0 (11),"12/20/2024, 11:56:24 ?",9ptmogeelyp9xr5j2rvldjxss8jkgp4g34,null,null,,null
fbe00,149c33ef5c,CET,2024-12-20T10:56:24.000Z,42e728328a,8794,2025-01-29T19:30:00.000Z,82,0,null,null,Trabajo,null,0,1,"12/20/2024, 11:56:24 ?",2,1,3,activity_work_0,0,null,"01/29/2025, 14:00:00 ?","01/29/2025, 20:30:00 ?",2,1,4,0,56,CET,null,0,null,0,0,null,null,Trabajo,0,2025-01-29T13:00:00.000Z,5.0 (11),"12/20/2024, 11:56:24 ?",9ptmogeelyp9xr5j2rvldjxss8jkgp4g35,null,null,,null
fbe00,149c33ef5c,CET,2024-12-20T10:56:24.000Z,0b1f506187,8789,2025-01-24T09:00:00.000Z,40,0,null,null,Dormir,ð??´,0,1,"12/20/2024, 11:56:24 ?",4,0,20,activity_sleep_12,0,null,"01/24/2025, 01:30:00 ?","01/24/2025, 10:00:00 ?",2,1,4,0,6,CET,null,0,null,0,0,null,null,Zzzzz's,0,2025-01-24T00:30:00.000Z,5.0 (11),"12/20/2024, 11:56:24 ?",9ptmogeelyp9xr5j2rvldjxss8jkgp4g36,null,null,,null
fbe00,149c33ef5c,CET,2024-12-20T10:56:24.000Z,7ecf3c1ecc,8810,2025-02-14T11:30:00.000Z,50,0,null,null,Comer,null,0,1,"12/20/2024, 11:56:24 ?",3,1,6,activity_eat_0,0,null,"02/14/2025, 12:00:00 ?","02/14/2025, 12:30:00 ?",2,1,4,0,48,CET,null,0,null,0,0,null,null,Comer,0,2025-02-14T11:00:00.000Z,5.0 (11),"12/20/2024, 11:56:24 ?",9ptmogeelyp9xr5j2rvldjxss8jkgp4g37,null,null,,null
fbe00,149c33ef5c,CET,2024-12-20T10:56:24.000Z,77fe6a7da3,8800,2025-02-04T11:30:00.000Z,50,0,null,null,Comer,null,0,1,"12/20/2024, 11:56:24 ?",3,1,6,activity_eat_0,0,null,"02/04/2025, 12:00:00 ?","02/04/2025, 12:30:00 ?",2,1,4,0,48,CET,null,0,null,0,0,null,null,Comer,0,2025-02-04T11:00:00.000Z,5.0 (11),"12/20/2024, 11:56:24 ?",9ptmogeelyp9xr5j2rvldjxss8jkgp4g38,null,null,,null
fbe00,149c33ef5c,CET,2024-12-20T10:56:24.000Z,3d192c6321,8799,2025-02-03T11:30:00.000Z,50,0,null,null,Comer,null,0,1,"12/20/2024, 11:56:24 ?",3,1,6,activity_eat_0,0,null,"02/03/2025, 12:00:00 ?","02/03/2025, 12:30:00 ?",2,1,4,0,48,CET,null,0,null,0,0,null,null,Comer,0,2025-02-03T11:00:00.000Z,5.0 (11),"12/20/2024, 11:56:24 ?",9ptmogeelyp9xr5j2rvldjxss8jkgp4g39,null,null,,null
fbe00,149c33ef5c,CET,2024-12-20T10:56:24.000Z,988b2de107,8808,2025-02-12T12:30:00.000Z,54,0,null,null,Relajar,null,0,1,"12/20/2024, 11:56:24 ?",5,1,15,activity_relax_7,0,null,"02/12/2025, 12:30:00 ?","02/12/2025, 13:30:00 ?",2,1,4,0,50,CET,null,0,null,0,0,null,null,PrepÃ¡rate,0,2025-02-12T11:30:00.000Z,5.0 (11),"12/20/2024, 11:56:24 ?",9ptmogeelyp9xr5j2rvldjxss8jkgp4g40,null,null,,null
fbe00,149c33ef5c,CET,2024-12-20T10:56:24.000Z,eff8f57deb,8809,2025-02-13T12:30:00.000Z,54,0,null,null,Relajar,null,0,1,"12/20/2024, 11:56:24 ?",5,1,15,activity_relax_7,0,null,"02/13/2025, 12:30:00 ?","02/13/2025, 13:30:00 ?",2,1,4,0,50,CET,null,0,null,0,0,null,null,PrepÃ¡rate,0,2025-02-13T11:30:00.000Z,5.0 (11),"12/20/2024, 11:56:24 ?",9ptmogeelyp9xr5j2rvldjxss8jkgp4g41,null,null,,null
fbe00,149c33ef5c,CET,2024-12-20T10:56:24.000Z,9bc09827a9,8798,2025-02-02T22:00:00.000Z,92,0,null,null,Trabajo,null,0,1,"12/20/2024, 11:56:24 ?",2,1,3,activity_work_0,0,null,"02/02/2025, 21:00:00 ?","02/02/2025, 23:00:00 ?",2,1,4,0,84,CET,null,0,null,0,0,null,null,Trabajo,0,2025-02-02T20:00:00.000Z,5.0 (11),"12/20/2024, 11:56:24 ?",9ptmogeelyp9xr5j2rvldjxss8jkgp4g42,null,null,,null
fbe00,149c33ef5c,CET,2024-12-20T10:56:24.000Z,b2f371e1ec,8781,2025-01-16T09:00:00.000Z,40,0,null,null,Dormir,ð??´,0,1,"12/20/2024, 11:56:24 ?",4,0,20,activity_sleep_12,0,null,"01/16/2025, 01:30:00 ?","01/16/2025, 10:00:00 ?",2,1,4,0,6,CET,null,0,null,0,0,null,null,Zzzzz's,0,2025-01-16T00:30:00.000Z,5.0 (11),"12/20/2024, 11:56:24 ?",9ptmogeelyp9xr5j2rvldjxss8jkgp4g43,null,null,,null
fbe00,149c33ef5c,CET,2024-12-20T10:56:24.000Z,9850564ee1,8810,2025-02-14T22:00:00.000Z,92,0,null,null,Trabajo,null,0,1,"12/20/2024, 11:56:24 ?",2,1,3,activity_work_0,0,null,"02/14/2025, 21:00:00 ?","02/14/2025, 23:00:00 ?",2,1,4,0,84,CET,null,0,null,0,0,null,null,Trabajo,0,2025-02-14T20:00:00.000Z,5.0 (11),"12/20/2024, 11:56:24 ?",9ptmogeelyp9xr5j2rvldjxss8jkgp4g44,null,null,,null
fbe00,149c33ef5c,CET,2024-12-20T10:56:24.000Z,24d23e7f67,8788,2025-01-23T20:00:00.000Z,84,0,null,null,Comer,null,0,1,"12/20/2024, 11:56:24 ?",3,1,6,activity_eat_0,0,null,"01/23/2025, 20:30:00 ?","01/23/2025, 21:00:00 ?",2,1,4,0,82,CET,null,0,null,0,0,null,null,Comer,0,2025-01-23T19:30:00.000Z,5.0 (11),"12/20/2024, 11:56:24 ?",9ptmogeelyp9xr5j2rvldjxss8jkgp4g45,null,null,,null
fbe00,149c33ef5c,CET,2024-12-20T10:56:24.000Z,d275db7848,8780,2025-01-15T11:30:00.000Z,50,0,null,null,Comer,null,0,1,"12/20/2024, 11:56:24 ?",3,1,6,activity_eat_0,0,null,"01/15/2025, 12:00:00 ?","01/15/2025, 12:30:00 ?",2,1,4,0,48,CET,null,0,null,0,0,null,null,Comer,0,2025-01-15T11:00:00.000Z,5.0 (11),"12/20/2024, 11:56:24 ?",9ptmogeelyp9xr5j2rvldjxss8jkgp4g46,null,null,,null
fbe00,149c33ef5c,CET,2024-12-20T10:56:24.000Z,49adb1b7d5,8809,2025-02-13T09:00:00.000Z,40,0,null,null,Dormir,ð??´,0,1,"12/20/2024, 11:56:24 ?",4,0,20,activity_sleep_12,0,null,"02/13/2025, 01:30:00 ?","02/13/2025, 10:00:00 ?",2,1,4,0,6,CET,null,0,null,0,0,null,null,Zzzzz's,0,2025-02-13T00:30:00.000Z,5.0 (11),"12/20/2024, 11:56:24 ?",9ptmogeelyp9xr5j2rvldjxss8jkgp4g47,null,null,,null
fbe00,149c33ef5c,CET,2024-12-20T10:56:24.000Z,2a7cb72776,8798,2025-02-02T12:30:00.000Z,54,0,null,null,Relajar,null,0,1,"12/20/2024, 11:56:24 ?",5,1,15,activity_relax_7,0,null,"02/02/2025, 12:30:00 ?","02/02/2025, 13:30:00 ?",2,1,4,0,50,CET,null,0,null,0,0,null,null,PrepÃ¡rate,0,2025-02-02T11:30:00.000Z,5.0 (11),"12/20/2024, 11:56:24 ?",9ptmogeelyp9xr5j2rvldjxss8jkgp4g48,null,null,,null
fbe00,149c33ef5c,CET,2024-12-20T10:56:24.000Z,fb8951679f,8787,2025-01-22T09:00:00.000Z,40,0,null,null,Dormir,ð??´,0,1,"12/20/2024, 11:56:24 ?",4,0,20,activity_sleep_12,0,null,"01/22/2025, 01:30:00 ?","01/22/2025, 10:00:00 ?",2,1,4,0,6,CET,null,0,null,0,0,null,null,Zzzzz's,0,2025-01-22T00:30:00.000Z,5.0 (11),"12/20/2024, 11:56:24 ?",9ptmogeelyp9xr5j2rvldjxss8jkgp4g49,null,null,,null
fbe00,149c33ef5c,CET,2024-12-20T10:56:24.000Z,b8f0fe0555,8800,2025-02-04T12:30:00.000Z,54,0,null,null,Relajar,null,0,1,"12/20/2024, 11:56:24 ?",5,1,15,activity_relax_7,0,null,"02/04/2025, 12:30:00 ?","02/04/2025, 13:30:00 ?",2,1,4,0,50,CET,null,0,null,0,0,null,null,PrepÃ¡rate,0,2025-02-04T11:30:00.000Z,5.0 (11),"12/20/2024, 11:56:24 ?",9ptmogeelyp9xr5j2rvldjxss8jkgp4g50,null,null,,null
fbe00,149c33ef5c,CET,2024-12-20T10:56:24.000Z,fbf8af7802,8785,2025-01-20T20:00:00.000Z,84,0,null,null,Comer,null,0,1,"12/20/2024, 11:56:24 ?",3,1,6,activity_eat_0,0,null,"01/20/2025, 20:30:00 ?","01/20/2025, 21:00:00 ?",2,1,4,0,82,CET,null,0,null,0,0,null,null,Comer,0,2025-01-20T19:30:00.000Z,5.0 (11),"12/20/2024, 11:56:24 ?",9ptmogeelyp9xr5j2rvldjxss8jkgp4g51,null,null,,null
fbe00,149c33ef5c,CET,2024-12-20T10:56:24.000Z,f6ccd5aaa7,8804,2025-02-08T22:00:00.000Z,92,0,null,null,Trabajo,null,0,1,"12/20/2024, 11:56:24 ?",2,1,3,activity_work_0,0,null,"02/08/2025, 21:00:00 ?","02/08/2025, 23:00:00 ?",2,1,4,0,84,CET,null,0,null,0,0,null,null,Trabajo,0,2025-02-08T20:00:00.000Z,5.0 (11),"12/20/2024, 11:56:24 ?",9ptmogeelyp9xr5j2rvldjxss8jkgp4g52,null,null,,null
fbe00,149c33ef5c,CET,2024-12-20T10:56:24.000Z,73a01432fa,8788,2025-01-23T11:30:00.000Z,50,0,null,null,Comer,null,0,1,"12/20/2024, 11:56:24 ?",3,1,6,activity_eat_0,0,null,"01/23/2025, 12:00:00 ?","01/23/2025, 12:30:00 ?",2,1,4,0,48,CET,null,0,null,0,0,null,null,Comer,0,2025-01-23T11:00:00.000Z,5.0 (11),"12/20/2024, 11:56:24 ?",9ptmogeelyp9xr5j2rvldjxss8jkgp4g53,null,null,,null
fbe00,149c33ef5c,CET,2024-12-20T10:56:24.000Z,e4b9371deb,8802,2025-02-06T11:30:00.000Z,50,0,null,null,Comer,null,0,1,"12/20/2024, 11:56:24 ?",3,1,6,activity_eat_0,0,null,"02/06/2025, 12:00:00 ?","02/06/2025, 12:30:00 ?",2,1,4,0,48,CET,null,0,null,0,0,null,null,Comer,0,2025-02-06T11:00:00.000Z,5.0 (11),"12/20/2024, 11:56:24 ?",9ptmogeelyp9xr5j2rvldjxss8jkgp4g54,null,null,,null
fbe00,149c33ef5c,CET,2024-12-20T10:56:24.000Z,18c63d41ef,8786,2025-01-21T11:30:00.000Z,50,0,null,null,Comer,null,0,1,"12/20/2024, 11:56:24 ?",3,1,6,activity_eat_0,0,null,"01/21/2025, 12:00:00 ?","01/21/2025, 12:30:00 ?",2,1,4,0,48,CET,null,0,null,0,0,null,null,Comer,0,2025-01-21T11:00:00.000Z,5.0 (11),"12/20/2024, 11:56:24 ?",9ptmogeelyp9xr5j2rvldjxss8jkgp4g55,null,null,,null
fbe00,149c33ef5c,CET,2024-12-20T10:56:24.000Z,68566d8137,8784,2025-01-19T09:00:00.000Z,40,0,null,null,Dormir,ð??´,0,1,"12/20/2024, 11:56:24 ?",4,0,20,activity_sleep_12,0,null,"01/19/2025, 01:30:00 ?","01/19/2025, 10:00:00 ?",2,1,4,0,6,CET,null,0,null,0,0,null,null,Zzzzz's,0,2025-01-19T00:30:00.000Z,5.0 (11),"12/20/2024, 11:56:24 ?",9ptmogeelyp9xr5j2rvldjxss8jkgp4g56,null,null,,null
fbe00,149c33ef5c,CET,2024-12-20T10:56:24.000Z,64b2cbfe97,8780,2025-01-15T12:30:00.000Z,54,0,null,null,Relajar,null,0,1,"12/20/2024, 11:56:24 ?",5,1,15,activity_relax_7,0,null,"01/15/2025, 12:30:00 ?","01/15/2025, 13:30:00 ?",2,1,4,0,50,CET,null,0,null,0,0,null,null,PrepÃ¡rate,0,2025-01-15T11:30:00.000Z,5.0 (11),"12/20/2024, 11:56:24 ?",9ptmogeelyp9xr5j2rvldjxss8jkgp4g57,null,null,,null
fbe00,149c33ef5c,CET,2024-12-20T10:56:24.000Z,fd489611c0,8807,2025-02-11T12:30:00.000Z,54,0,null,null,Relajar,null,0,1,"12/20/2024, 11:56:24 ?",5,1,15,activity_relax_7,0,null,"02/11/2025, 12:30:00 ?","02/11/2025, 13:30:00 ?",2,1,4,0,50,CET,null,0,null,0,0,null,null,PrepÃ¡rate,0,2025-02-11T11:30:00.000Z,5.0 (11),"12/20/2024, 11:56:24 ?",9ptmogeelyp9xr5j2rvldjxss8jkgp4g58,null,null,,null
fbe00,149c33ef5c,CET,2024-12-20T10:56:24.000Z,5c281967f0,8783,2025-01-18T19:30:00.000Z,82,0,null,null,Trabajo,null,0,1,"12/20/2024, 11:56:24 ?",2,1,3,activity_work_0,0,null,"01/18/2025, 14:00:00 ?","01/18/2025, 20:30:00 ?",2,1,4,0,56,CET,null,0,null,0,0,null,null,Trabajo,0,2025-01-18T13:00:00.000Z,5.0 (11),"12/20/2024, 11:56:24 ?",9ptmogeelyp9xr5j2rvldjxss8jkgp4g59,null,null,,null
fbe00,149c33ef5c,CET,2024-12-20T10:56:24.000Z,7a9e1560b2,8802,2025-02-06T09:00:00.000Z,40,0,null,null,Dormir,ð??´,0,1,"12/20/2024, 11:56:24 ?",4,0,20,activity_sleep_12,0,null,"02/06/2025, 01:30:00 ?","02/06/2025, 10:00:00 ?",2,1,4,0,6,CET,null,0,null,0,0,null,null,Zzzzz's,0,2025-02-06T00:30:00.000Z,5.0 (11),"12/20/2024, 11:56:24 ?",9ptmogeelyp9xr5j2rvldjxss8jkgp4g60,null,null,,null
fbe00,149c33ef5c,CET,2024-12-20T10:56:24.000Z,90bbf3612a,8781,2025-01-16T12:30:00.000Z,54,0,null,null,Relajar,null,0,1,"12/20/2024, 11:56:24 ?",5,1,15,activity_relax_7,0,null,"01/16/2025, 12:30:00 ?","01/16/2025, 13:30:00 ?",2,1,4,0,50,CET,null,0,null,0,0,null,null,PrepÃ¡rate,0,2025-01-16T11:30:00.000Z,5.0 (11),"12/20/2024, 11:56:24 ?",9ptmogeelyp9xr5j2rvldjxss8jkgp4g61,null,null,,null
fbe00,149c33ef5c,CET,2024-12-20T10:56:24.000Z,a6f19f9cbd,8810,2025-02-14T19:30:00.000Z,82,0,null,null,Trabajo,null,0,1,"12/20/2024, 11:56:24 ?",2,1,3,activity_work_0,0,null,"02/14/2025, 14:00:00 ?","02/14/2025, 20:30:00 ?",2,1,4,0,56,CET,null,0,null,0,0,null,null,Trabajo,0,2025-02-14T13:00:00.000Z,5.0 (11),"12/20/2024, 11:56:24 ?",9ptmogeelyp9xr5j2rvldjxss8jkgp4g62,null,null,,null
fbe00,149c33ef5c,CET,2024-12-20T10:56:24.000Z,01cc6c5f5b,8781,2025-01-16T19:30:00.000Z,82,0,null,null,Trabajo,null,0,1,"12/20/2024, 11:56:24 ?",2,1,3,activity_work_0,0,null,"01/16/2025, 14:00:00 ?","01/16/2025, 20:30:00 ?",2,1,4,0,56,CET,null,0,null,0,0,null,null,Trabajo,0,2025-01-16T13:00:00.000Z,5.0 (11),"12/20/2024, 11:56:24 ?",9ptmogeelyp9xr5j2rvldjxss8jkgp4g63,null,null,,null
fbe00,149c33ef5c,CET,2024-12-20T10:56:24.000Z,740e9de3e6,8799,2025-02-03T19:30:00.000Z,82,0,null,null,Trabajo,null,0,1,"12/20/2024, 11:56:24 ?",2,1,3,activity_work_0,0,null,"02/03/2025, 14:00:00 ?","02/03/2025, 20:30:00 ?",2,1,4,0,56,CET,null,0,null,0,0,null,null,Trabajo,0,2025-02-03T13:00:00.000Z,5.0 (11),"12/20/2024, 11:56:24 ?",9ptmogeelyp9xr5j2rvldjxss8jkgp4g64,null,null,,null
fbe00,149c33ef5c,CET,2024-12-20T10:56:24.000Z,9ddf3790e2,8792,2025-01-27T09:00:00.000Z,40,0,null,null,Dormir,ð??´,0,1,"12/20/2024, 11:56:24 ?",4,0,20,activity_sleep_12,0,null,"01/27/2025, 01:30:00 ?","01/27/2025, 10:00:00 ?",2,1,4,0,6,CET,null,0,null,0,0,null,null,Zzzzz's,0,2025-01-27T00:30:00.000Z,5.0 (11),"12/20/2024, 11:56:24 ?",9ptmogeelyp9xr5j2rvldjxss8jkgp4g65,null,null,,null
fbe00,149c33ef5c,CET,2024-12-20T10:56:24.000Z,4f90560bd6,8782,2025-01-17T22:00:00.000Z,92,0,null,null,Trabajo,null,0,1,"12/20/2024, 11:56:24 ?",2,1,3,activity_work_0,0,null,"01/17/2025, 21:00:00 ?","01/17/2025, 23:00:00 ?",2,1,4,0,84,CET,null,0,null,0,0,null,null,Trabajo,0,2025-01-17T20:00:00.000Z,5.0 (11),"12/20/2024, 11:56:24 ?",9ptmogeelyp9xr5j2rvldjxss8jkgp4g66,null,null,,null
fbe00,149c33ef5c,CET,2024-12-20T10:56:24.000Z,ed47f44633,8802,2025-02-06T19:30:00.000Z,82,0,null,null,Trabajo,null,0,1,"12/20/2024, 11:56:24 ?",2,1,3,activity_work_0,0,null,"02/06/2025, 14:00:00 ?","02/06/2025, 20:30:00 ?",2,1,4,0,56,CET,null,0,null,0,0,null,null,Trabajo,0,2025-02-06T13:00:00.000Z,5.0 (11),"12/20/2024, 11:56:24 ?",9ptmogeelyp9xr5j2rvldjxss8jkgp4g67,null,null,,null
fbe00,149c33ef5c,CET,2024-12-20T10:56:24.000Z,170e259435,8792,2025-01-27T22:00:00.000Z,92,0,null,null,Trabajo,null,0,1,"12/20/2024, 11:56:24 ?",2,1,3,activity_work_0,0,null,"01/27/2025, 21:00:00 ?","01/27/2025, 23:00:00 ?",2,1,4,0,84,CET,null,0,null,0,0,null,null,Trabajo,0,2025-01-27T20:00:00.000Z,5.0 (11),"12/20/2024, 11:56:24 ?",9ptmogeelyp9xr5j2rvldjxss8jkgp4g68,null,null,,null
fbe00,149c33ef5c,CET,2024-12-20T10:56:24.000Z,63d9e9a10f,8783,2025-01-18T12:30:00.000Z,54,0,null,null,Relajar,null,0,1,"12/20/2024, 11:56:24 ?",5,1,15,activity_relax_7,0,null,"01/18/2025, 12:30:00 ?","01/18/2025, 13:30:00 ?",2,1,4,0,50,CET,null,0,null,0,0,null,null,PrepÃ¡rate,0,2025-01-18T11:30:00.000Z,5.0 (11),"12/20/2024, 11:56:24 ?",9ptmogeelyp9xr5j2rvldjxss8jkgp4g69,null,null,,null
fbe00,149c33ef5c,CET,2024-12-20T10:56:24.000Z,8844088457,8783,2025-01-18T22:00:00.000Z,92,0,null,null,Trabajo,null,0,1,"12/20/2024, 11:56:24 ?",2,1,3,activity_work_0,0,null,"01/18/2025, 21:00:00 ?","01/18/2025, 23:00:00 ?",2,1,4,0,84,CET,null,0,null,0,0,null,null,Trabajo,0,2025-01-18T20:00:00.000Z,5.0 (11),"12/20/2024, 11:56:24 ?",9ptmogeelyp9xr5j2rvldjxss8jkgp4g70,null,null,,null
fbe00,149c33ef5c,CET,2024-12-20T10:56:24.000Z,202538e609,8780,2025-01-15T20:00:00.000Z,84,0,null,null,Comer,null,0,1,"12/20/2024, 11:56:24 ?",3,1,6,activity_eat_0,0,null,"01/15/2025, 20:30:00 ?","01/15/2025, 21:00:00 ?",2,1,4,0,82,CET,null,0,null,0,0,null,null,Comer,0,2025-01-15T19:30:00.000Z,5.0 (11),"12/20/2024, 11:56:24 ?",9ptmogeelyp9xr5j2rvldjxss8jkgp4g71,null,null,,null
fbe00,149c33ef5c,CET,2024-12-20T10:56:24.000Z,02e9d985fe,8787,2025-01-22T19:30:00.000Z,82,0,null,null,Trabajo,null,0,1,"12/20/2024, 11:56:24 ?",2,1,3,activity_work_0,0,null,"01/22/2025, 14:00:00 ?","01/22/2025, 20:30:00 ?",2,1,4,0,56,CET,null,0,null,0,0,null,null,Trabajo,0,2025-01-22T13:00:00.000Z,5.0 (11),"12/20/2024, 11:56:24 ?",9ptmogeelyp9xr5j2rvldjxss8jkgp4g72,null,null,,null
fbe00,149c33ef5c,CET,2024-12-20T10:56:24.000Z,6a47cbe8fc,8794,2025-01-29T09:00:00.000Z,40,0,null,null,Dormir,ð??´,0,1,"12/20/2024, 11:56:24 ?",4,0,20,activity_sleep_12,0,null,"01/29/2025, 01:30:00 ?","01/29/2025, 10:00:00 ?",2,1,4,0,6,CET,null,0,null,0,0,null,null,Zzzzz's,0,2025-01-29T00:30:00.000Z,5.0 (11),"12/20/2024, 11:56:24 ?",9ptmogeelyp9xr5j2rvldjxss8jkgp4g73,null,null,,null
fbe00,149c33ef5c,CET,2024-12-20T10:56:24.000Z,f4190a12b3,8785,2025-01-20T19:30:00.000Z,82,0,null,null,Trabajo,null,0,1,"12/20/2024, 11:56:24 ?",2,1,3,activity_work_0,0,null,"01/20/2025, 14:00:00 ?","01/20/2025, 20:30:00 ?",2,1,4,0,56,CET,null,0,null,0,0,null,null,Trabajo,0,2025-01-20T13:00:00.000Z,5.0 (11),"12/20/2024, 11:56:24 ?",9ptmogeelyp9xr5j2rvldjxss8jkgp4g74,null,null,,null
fbe00,149c33ef5c,CET,2024-12-20T10:56:24.000Z,f053537bc7,8787,2025-01-22T12:30:00.000Z,54,0,null,null,Relajar,null,0,1,"12/20/2024, 11:56:24 ?",5,1,15,activity_relax_7,0,null,"01/22/2025, 12:30:00 ?","01/22/2025, 13:30:00 ?",2,1,4,0,50,CET,null,0,null,0,0,null,null,PrepÃ¡rate,0,2025-01-22T11:30:00.000Z,5.0 (11),"12/20/2024, 11:56:24 ?",9ptmogeelyp9xr5j2rvldjxss8jkgp4g75,null,null,,null
fbe00,149c33ef5c,CET,2024-12-20T10:56:24.000Z,9a93bdc1af,8782,2025-01-17T09:00:00.000Z,40,0,null,null,Dormir,ð??´,0,1,"12/20/2024, 11:56:24 ?",4,0,20,activity_sleep_12,0,null,"01/17/2025, 01:30:00 ?","01/17/2025, 10:00:00 ?",2,1,4,0,6,CET,null,0,null,0,0,null,null,Zzzzz's,0,2025-01-17T00:30:00.000Z,5.0 (11),"12/20/2024, 11:56:24 ?",9ptmogeelyp9xr5j2rvldjxss8jkgp4g76,null,null,,null
fbe00,149c33ef5c,CET,2024-12-20T10:56:24.000Z,4b41b88e15,8804,2025-02-08T11:30:00.000Z,50,0,null,null,Comer,null,0,1,"12/20/2024, 11:56:24 ?",3,1,6,activity_eat_0,0,null,"02/08/2025, 12:00:00 ?","02/08/2025, 12:30:00 ?",2,1,4,0,48,CET,null,0,null,0,0,null,null,Comer,0,2025-02-08T11:00:00.000Z,5.0 (11),"12/20/2024, 11:56:24 ?",9ptmogeelyp9xr5j2rvldjxss8jkgp4g77,null,null,,null
fbe00,149c33ef5c,CET,2024-12-20T10:56:24.000Z,5d24d3b5e4,8790,2025-01-25T22:00:00.000Z,92,0,null,null,Trabajo,null,0,1,"12/20/2024, 11:56:24 ?",2,1,3,activity_work_0,0,null,"01/25/2025, 21:00:00 ?","01/25/2025, 23:00:00 ?",2,1,4,0,84,CET,null,0,null,0,0,null,null,Trabajo,0,2025-01-25T20:00:00.000Z,5.0 (11),"12/20/2024, 11:56:24 ?",9ptmogeelyp9xr5j2rvldjxss8jkgp4g78,null,null,,null
fbe00,149c33ef5c,CET,2024-12-20T10:56:24.000Z,d3db121616,8791,2025-01-26T19:30:00.000Z,82,0,null,null,Trabajo,null,0,1,"12/20/2024, 11:56:24 ?",2,1,3,activity_work_0,0,null,"01/26/2025, 14:00:00 ?","01/26/2025, 20:30:00 ?",2,1,4,0,56,CET,null,0,null,0,0,null,null,Trabajo,0,2025-01-26T13:00:00.000Z,5.0 (11),"12/20/2024, 11:56:24 ?",9ptmogeelyp9xr5j2rvldjxss8jkgp4g79,null,null,,null
fbe00,149c33ef5c,CET,2024-12-20T10:56:24.000Z,9506b99931,8793,2025-01-28T12:30:00.000Z,54,0,null,null,Relajar,null,0,1,"12/20/2024, 11:56:24 ?",5,1,15,activity_relax_7,0,null,"01/28/2025, 12:30:00 ?","01/28/2025, 13:30:00 ?",2,1,4,0,50,CET,null,0,null,0,0,null,null,PrepÃ¡rate,0,2025-01-28T11:30:00.000Z,5.0 (11),"12/20/2024, 11:56:24 ?",9ptmogeelyp9xr5j2rvldjxss8jkgp4g80,null,null,,null
fbe00,149c33ef5c,CET,2024-12-20T10:56:24.000Z,a13d1d3919,8795,2025-01-30T20:00:00.000Z,84,0,null,null,Comer,null,0,1,"12/20/2024, 11:56:24 ?",3,1,6,activity_eat_0,0,null,"01/30/2025, 20:30:00 ?","01/30/2025, 21:00:00 ?",2,1,4,0,82,CET,null,0,null,0,0,null,null,Comer,0,2025-01-30T19:30:00.000Z,5.0 (11),"12/20/2024, 11:56:24 ?",9ptmogeelyp9xr5j2rvldjxss8jkgp4g81,null,null,,null
fbe00,149c33ef5c,CET,2024-12-20T10:56:24.000Z,e57dbe703e,8804,2025-02-08T19:30:00.000Z,82,0,null,null,Trabajo,null,0,1,"12/20/2024, 11:56:24 ?",2,1,3,activity_work_0,0,null,"02/08/2025, 14:00:00 ?","02/08/2025, 20:30:00 ?",2,1,4,0,56,CET,null,0,null,0,0,null,null,Trabajo,0,2025-02-08T13:00:00.000Z,5.0 (11),"12/20/2024, 11:56:24 ?",9ptmogeelyp9xr5j2rvldjxss8jkgp4g82,null,null,,null
fbe00,149c33ef5c,CET,2024-12-20T10:56:24.000Z,2972adef27,8784,2025-01-19T19:30:00.000Z,82,0,null,null,Trabajo,null,0,1,"12/20/2024, 11:56:24 ?",2,1,3,activity_work_0,0,null,"01/19/2025, 14:00:00 ?","01/19/2025, 20:30:00 ?",2,1,4,0,56,CET,null,0,null,0,0,null,null,Trabajo,0,2025-01-19T13:00:00.000Z,5.0 (11),"12/20/2024, 11:56:24 ?",9ptmogeelyp9xr5j2rvldjxss8jkgp4g83,null,null,,null
fbe00,149c33ef5c,CET,2024-12-20T10:56:24.000Z,30942ad32e,8801,2025-02-05T12:30:00.000Z,54,0,null,null,Relajar,null,0,1,"12/20/2024, 11:56:24 ?",5,1,15,activity_relax_7,0,null,"02/05/2025, 12:30:00 ?","02/05/2025, 13:30:00 ?",2,1,4,0,50,CET,null,0,null,0,0,null,null,PrepÃ¡rate,0,2025-02-05T11:30:00.000Z,5.0 (11),"12/20/2024, 11:56:24 ?",9ptmogeelyp9xr5j2rvldjxss8jkgp4g84,null,null,,null
fbe00,149c33ef5c,CET,2024-12-20T10:56:24.000Z,a3b59943a0,8798,2025-02-02T11:30:00.000Z,50,0,null,null,Comer,null,0,1,"12/20/2024, 11:56:24 ?",3,1,6,activity_eat_0,0,null,"02/02/2025, 12:00:00 ?","02/02/2025, 12:30:00 ?",2,1,4,0,48,CET,null,0,null,0,0,null,null,Comer,0,2025-02-02T11:00:00.000Z,5.0 (11),"12/20/2024, 11:56:24 ?",9ptmogeelyp9xr5j2rvldjxss8jkgp4g85,null,null,,null
fbe00,149c33ef5c,CET,2024-12-20T10:56:24.000Z,b96b29a66b,8783,2025-01-18T20:00:00.000Z,84,0,null,null,Comer,null,0,1,"12/20/2024, 11:56:24 ?",3,1,6,activity_eat_0,0,null,"01/18/2025, 20:30:00 ?","01/18/2025, 21:00:00 ?",2,1,4,0,82,CET,null,0,null,0,0,null,null,Comer,0,2025-01-18T19:30:00.000Z,5.0 (11),"12/20/2024, 11:56:24 ?",9ptmogeelyp9xr5j2rvldjxss8jkgp4g86,null,null,,null
fbe00,149c33ef5c,CET,2024-12-20T10:56:24.000Z,ee0983f8b5,8797,2025-02-01T19:30:00.000Z,82,0,null,null,Trabajo,null,0,1,"12/20/2024, 11:56:24 ?",2,1,3,activity_work_0,0,null,"02/01/2025, 14:00:00 ?","02/01/2025, 20:30:00 ?",2,1,4,0,56,CET,null,0,null,0,0,null,null,Trabajo,0,2025-02-01T13:00:00.000Z,5.0 (11),"12/20/2024, 11:56:24 ?",9ptmogeelyp9xr5j2rvldjxss8jkgp4g87,null,null,,null
fbe00,149c33ef5c,CET,2024-12-20T10:56:24.000Z,f8c3511ec1,8800,2025-02-04T22:00:00.000Z,92,0,null,null,Trabajo,null,0,1,"12/20/2024, 11:56:24 ?",2,1,3,activity_work_0,0,null,"02/04/2025, 21:00:00 ?","02/04/2025, 23:00:00 ?",2,1,4,0,84,CET,null,0,null,0,0,null,null,Trabajo,0,2025-02-04T20:00:00.000Z,5.0 (11),"12/20/2024, 11:56:24 ?",9ptmogeelyp9xr5j2rvldjxss8jkgp4g88,null,null,,null
fbe00,149c33ef5c,CET,2024-12-20T10:56:24.000Z,796a2292e2,8805,2025-02-09T19:30:00.000Z,82,0,null,null,Trabajo,null,0,1,"12/20/2024, 11:56:24 ?",2,1,3,activity_work_0,0,null,"02/09/2025, 14:00:00 ?","02/09/2025, 20:30:00 ?",2,1,4,0,56,CET,null,0,null,0,0,null,null,Trabajo,0,2025-02-09T13:00:00.000Z,5.0 (11),"12/20/2024, 11:56:24 ?",9ptmogeelyp9xr5j2rvldjxss8jkgp4g89,null,null,,null
fbe00,149c33ef5c,CET,2024-12-20T10:56:24.000Z,c6d5741ee7,8809,2025-02-13T11:30:00.000Z,50,0,null,null,Comer,null,0,1,"12/20/2024, 11:56:24 ?",3,1,6,activity_eat_0,0,null,"02/13/2025, 12:00:00 ?","02/13/2025, 12:30:00 ?",2,1,4,0,48,CET,null,0,null,0,0,null,null,Comer,0,2025-02-13T11:00:00.000Z,5.0 (11),"12/20/2024, 11:56:24 ?",9ptmogeelyp9xr5j2rvldjxss8jkgp4g90,null,null,,null
fbe00,149c33ef5c,CET,2024-12-20T10:56:24.000Z,37be7f677d,8795,2025-01-30T12:30:00.000Z,54,0,null,null,Relajar,null,0,1,"12/20/2024, 11:56:24 ?",5,1,15,activity_relax_7,0,null,"01/30/2025, 12:30:00 ?","01/30/2025, 13:30:00 ?",2,1,4,0,50,CET,null,0,null,0,0,null,null,PrepÃ¡rate,0,2025-01-30T11:30:00.000Z,5.0 (11),"12/20/2024, 11:56:24 ?",9ptmogeelyp9xr5j2rvldjxss8jkgp4g91,null,null,,null
fbe00,149c33ef5c,CET,2024-12-20T10:56:24.000Z,a340b5df33,8810,2025-02-14T12:30:00.000Z,54,0,null,null,Relajar,null,0,1,"12/20/2024, 11:56:24 ?",5,1,15,activity_relax_7,0,null,"02/14/2025, 12:30:00 ?","02/14/2025, 13:30:00 ?",2,1,4,0,50,CET,null,0,null,0,0,null,null,PrepÃ¡rate,0,2025-02-14T11:30:00.000Z,5.0 (11),"12/20/2024, 11:56:24 ?",9ptmogeelyp9xr5j2rvldjxss8jkgp4g92,null,null,,null
fbe00,149c33ef5c,CET,2024-12-20T10:56:24.000Z,a6a5567ed9,8805,2025-02-09T12:30:00.000Z,54,0,null,null,Relajar,null,0,1,"12/20/2024, 11:56:24 ?",5,1,15,activity_relax_7,0,null,"02/09/2025, 12:30:00 ?","02/09/2025, 13:30:00 ?",2,1,4,0,50,CET,null,0,null,0,0,null,null,PrepÃ¡rate,0,2025-02-09T11:30:00.000Z,5.0 (11),"12/20/2024, 11:56:24 ?",9ptmogeelyp9xr5j2rvldjxss8jkgp4g93,null,null,,null
fbe00,149c33ef5c,CET,2024-12-20T10:56:24.000Z,9d4e1e8218,8796,2025-01-31T09:00:00.000Z,40,0,null,null,Dormir,ð??´,0,1,"12/20/2024, 11:56:24 ?",4,0,20,activity_sleep_12,0,null,"01/31/2025, 01:30:00 ?","01/31/2025, 10:00:00 ?",2,1,4,0,6,CET,null,0,null,0,0,null,null,Zzzzz's,0,2025-01-31T00:30:00.000Z,5.0 (11),"12/20/2024, 11:56:24 ?",9ptmogeelyp9xr5j2rvldjxss8jkgp4g94,null,null,,null
fbe00,149c33ef5c,CET,2024-12-20T10:56:24.000Z,54c5b283f0,8788,2025-01-23T19:30:00.000Z,82,0,null,null,Trabajo,null,0,1,"12/20/2024, 11:56:24 ?",2,1,3,activity_work_0,0,null,"01/23/2025, 14:00:00 ?","01/23/2025, 20:30:00 ?",2,1,4,0,56,CET,null,0,null,0,0,null,null,Trabajo,0,2025-01-23T13:00:00.000Z,5.0 (11),"12/20/2024, 11:56:24 ?",9ptmogeelyp9xr5j2rvldjxss8jkgp4g95,null,null,,null
fbe00,149c33ef5c,CET,2024-12-20T10:56:24.000Z,989f985759,8801,2025-02-05T19:30:00.000Z,82,0,null,null,Trabajo,null,0,1,"12/20/2024, 11:56:24 ?",2,1,3,activity_work_0,0,null,"02/05/2025, 14:00:00 ?","02/05/2025, 20:30:00 ?",2,1,4,0,56,CET,null,0,null,0,0,null,null,Trabajo,0,2025-02-05T13:00:00.000Z,5.0 (11),"12/20/2024, 11:56:24 ?",9ptmogeelyp9xr5j2rvldjxss8jkgp4g96,null,null,,null
fbe00,149c33ef5c,CET,2024-12-20T10:56:24.000Z,34390f85e9,8794,2025-01-29T11:30:00.000Z,50,0,null,null,Comer,null,0,1,"12/20/2024, 11:56:24 ?",3,1,6,activity_eat_0,0,null,"01/29/2025, 12:00:00 ?","01/29/2025, 12:30:00 ?",2,1,4,0,48,CET,null,0,null,0,0,null,null,Comer,0,2025-01-29T11:00:00.000Z,5.0 (11),"12/20/2024, 11:56:24 ?",9ptmogeelyp9xr5j2rvldjxss8jkgp4g97,null,null,,null
fbe00,149c33ef5c,CET,2024-12-20T10:56:24.000Z,9f3d9c2a99,8788,2025-01-23T22:00:00.000Z,92,0,null,null,Trabajo,null,0,1,"12/20/2024, 11:56:24 ?",2,1,3,activity_work_0,0,null,"01/23/2025, 21:00:00 ?","01/23/2025, 23:00:00 ?",2,1,4,0,84,CET,null,0,null,0,0,null,null,Trabajo,0,2025-01-23T20:00:00.000Z,5.0 (11),"12/20/2024, 11:56:24 ?",9ptmogeelyp9xr5j2rvldjxss8jkgp4g98,null,null,,null
fbe00,149c33ef5c,CET,2024-12-20T10:56:24.000Z,6d7440695c,8796,2025-01-31T19:30:00.000Z,82,0,null,null,Trabajo,null,0,1,"12/20/2024, 11:56:24 ?",2,1,3,activity_work_0,0,null,"01/31/2025, 14:00:00 ?","01/31/2025, 20:30:00 ?",2,1,4,0,56,CET,null,0,null,0,0,null,null,Trabajo,0,2025-01-31T13:00:00.000Z,5.0 (11),"12/20/2024, 11:56:24 ?",9ptmogeelyp9xr5j2rvldjxss8jkgp4g99,null,null,,null
fbe00,149c33ef5c,CET,2024-12-20T10:56:24.000Z,3bd48ea87e,8785,2025-01-20T11:30:00.000Z,50,0,null,null,Comer,null,0,1,"12/20/2024, 11:56:24 ?",3,1,6,activity_eat_0,0,null,"01/20/2025, 12:00:00 ?","01/20/2025, 12:30:00 ?",2,1,4,0,48,CET,null,0,null,0,0,null,null,Comer,0,2025-01-20T11:00:00.000Z,5.0 (11),"12/20/2024, 11:56:24 ?",9ptmogeelyp9xr5j2rvldjxss8jkgp4g100,null,null,,null
fbe00,149c33ef5c,CET,2024-12-20T10:56:24.000Z,4171725418,8782,2025-01-17T19:30:00.000Z,82,0,null,null,Trabajo,null,0,1,"12/20/2024, 11:56:24 ?",2,1,3,activity_work_0,0,null,"01/17/2025, 14:00:00 ?","01/17/2025, 20:30:00 ?",2,1,4,0,56,CET,null,0,null,0,0,null,null,Trabajo,0,2025-01-17T13:00:00.000Z,5.0 (11),"12/20/2024, 11:56:24 ?",9ptmogeelyp9xr5j2rvldjxss8jkgp4g101,null,null,,null
fbe00,149c33ef5c,CET,2024-12-20T10:56:24.000Z,eeb720f51b,8784,2025-01-19T22:00:00.000Z,92,0,null,null,Trabajo,null,0,1,"12/20/2024, 11:56:24 ?",2,1,3,activity_work_0,0,null,"01/19/2025, 21:00:00 ?","01/19/2025, 23:00:00 ?",2,1,4,0,84,CET,null,0,null,0,0,null,null,Trabajo,0,2025-01-19T20:00:00.000Z,5.0 (11),"12/20/2024, 11:56:24 ?",9ptmogeelyp9xr5j2rvldjxss8jkgp4g102,null,null,,null
fbe00,149c33ef5c,CET,2024-12-20T10:56:24.000Z,a9c4e5cc13,8804,2025-02-08T20:00:00.000Z,84,0,null,null,Comer,null,0,1,"12/20/2024, 11:56:24 ?",3,1,6,activity_eat_0,0,null,"02/08/2025, 20:30:00 ?","02/08/2025, 21:00:00 ?",2,1,4,0,82,CET,null,0,null,0,0,null,null,Comer,0,2025-02-08T19:30:00.000Z,5.0 (11),"12/20/2024, 11:56:24 ?",9ptmogeelyp9xr5j2rvldjxss8jkgp4g103,null,null,,null
fbe00,149c33ef5c,CET,2024-12-20T10:56:24.000Z,d894c97738,8803,2025-02-07T19:30:00.000Z,82,0,null,null,Trabajo,null,0,1,"12/20/2024, 11:56:24 ?",2,1,3,activity_work_0,0,null,"02/07/2025, 14:00:00 ?","02/07/2025, 20:30:00 ?",2,1,4,0,56,CET,null,0,null,0,0,null,null,Trabajo,0,2025-02-07T13:00:00.000Z,5.0 (11),"12/20/2024, 11:56:24 ?",9ptmogeelyp9xr5j2rvldjxss8jkgp4g104,null,null,,null
fbe00,149c33ef5c,CET,2024-12-20T10:56:24.000Z,b0a291fb77,8807,2025-02-11T20:00:00.000Z,84,0,null,null,Comer,null,0,1,"12/20/2024, 11:56:24 ?",3,1,6,activity_eat_0,0,null,"02/11/2025, 20:30:00 ?","02/11/2025, 21:00:00 ?",2,1,4,0,82,CET,null,0,null,0,0,null,null,Comer,0,2025-02-11T19:30:00.000Z,5.0 (11),"12/20/2024, 11:56:24 ?",9ptmogeelyp9xr5j2rvldjxss8jkgp4g105,null,null,,null
fbe00,149c33ef5c,CET,2024-12-20T10:56:24.000Z,2bd3b8b395,8806,2025-02-10T20:00:00.000Z,84,0,null,null,Comer,null,0,1,"12/20/2024, 11:56:24 ?",3,1,6,activity_eat_0,0,null,"02/10/2025, 20:30:00 ?","02/10/2025, 21:00:00 ?",2,1,4,0,82,CET,null,0,null,0,0,null,null,Comer,0,2025-02-10T19:30:00.000Z,5.0 (11),"12/20/2024, 11:56:24 ?",9ptmogeelyp9xr5j2rvldjxss8jkgp4g106,null,null,,null
fbe00,149c33ef5c,CET,2024-12-20T10:56:24.000Z,3e38fecae3,8792,2025-01-27T19:30:00.000Z,82,0,null,null,Trabajo,null,0,1,"12/20/2024, 11:56:24 ?",2,1,3,activity_work_0,0,null,"01/27/2025, 14:00:00 ?","01/27/2025, 20:30:00 ?",2,1,4,0,56,CET,null,0,null,0,0,null,null,Trabajo,0,2025-01-27T13:00:00.000Z,5.0 (11),"12/20/2024, 11:56:24 ?",9ptmogeelyp9xr5j2rvldjxss8jkgp4g107,null,null,,null
fbe00,149c33ef5c,CET,2024-12-20T10:56:24.000Z,5498f9e67e,8797,2025-02-01T09:00:00.000Z,40,0,null,null,Dormir,ð??´,0,1,"12/20/2024, 11:56:24 ?",4,0,20,activity_sleep_12,0,null,"02/01/2025, 01:30:00 ?","02/01/2025, 10:00:00 ?",2,1,4,0,6,CET,null,0,null,0,0,null,null,Zzzzz's,0,2025-02-01T00:30:00.000Z,5.0 (11),"12/20/2024, 11:56:24 ?",9ptmogeelyp9xr5j2rvldjxss8jkgp4g108,null,null,,null
fbe00,149c33ef5c,CET,2024-12-20T10:56:24.000Z,79e86a43a5,8782,2025-01-17T11:30:00.000Z,50,0,null,null,Comer,null,0,1,"12/20/2024, 11:56:24 ?",3,1,6,activity_eat_0,0,null,"01/17/2025, 12:00:00 ?","01/17/2025, 12:30:00 ?",2,1,4,0,48,CET,null,0,null,0,0,null,null,Comer,0,2025-01-17T11:00:00.000Z,5.0 (11),"12/20/2024, 11:56:24 ?",9ptmogeelyp9xr5j2rvldjxss8jkgp4g109,null,null,,null
fbe00,149c33ef5c,CET,2024-12-20T10:56:24.000Z,fc0b94d52f,8788,2025-01-23T09:00:00.000Z,40,0,null,null,Dormir,ð??´,0,1,"12/20/2024, 11:56:24 ?",4,0,20,activity_sleep_12,0,null,"01/23/2025, 01:30:00 ?","01/23/2025, 10:00:00 ?",2,1,4,0,6,CET,null,0,null,0,0,null,null,Zzzzz's,0,2025-01-23T00:30:00.000Z,5.0 (11),"12/20/2024, 11:56:24 ?",9ptmogeelyp9xr5j2rvldjxss8jkgp4g110,null,null,,null
fbe00,149c33ef5c,CET,2024-12-20T10:56:24.000Z,e3f2477239,8787,2025-01-22T22:00:00.000Z,92,0,null,null,Trabajo,null,0,1,"12/20/2024, 11:56:24 ?",2,1,3,activity_work_0,0,null,"01/22/2025, 21:00:00 ?","01/22/2025, 23:00:00 ?",2,1,4,0,84,CET,null,0,null,0,0,null,null,Trabajo,0,2025-01-22T20:00:00.000Z,5.0 (11),"12/20/2024, 11:56:24 ?",9ptmogeelyp9xr5j2rvldjxss8jkgp4g111,null,null,,null
fbe00,149c33ef5c,CET,2024-12-20T10:56:24.000Z,bd476d4134,8801,2025-02-05T09:00:00.000Z,40,0,null,null,Dormir,ð??´,0,1,"12/20/2024, 11:56:24 ?",4,0,20,activity_sleep_12,0,null,"02/05/2025, 01:30:00 ?","02/05/2025, 10:00:00 ?",2,1,4,0,6,CET,null,0,null,0,0,null,null,Zzzzz's,0,2025-02-05T00:30:00.000Z,5.0 (11),"12/20/2024, 11:56:24 ?",9ptmogeelyp9xr5j2rvldjxss8jkgp4g112,null,null,,null
fbe00,149c33ef5c,CET,2024-12-20T10:56:24.000Z,2324199427,8795,2025-01-30T19:30:00.000Z,82,0,null,null,Trabajo,null,0,1,"12/20/2024, 11:56:24 ?",2,1,3,activity_work_0,0,null,"01/30/2025, 14:00:00 ?","01/30/2025, 20:30:00 ?",2,1,4,0,56,CET,null,0,null,0,0,null,null,Trabajo,0,2025-01-30T13:00:00.000Z,5.0 (11),"12/20/2024, 11:56:24 ?",9ptmogeelyp9xr5j2rvldjxss8jkgp4g113,null,null,,null
fbe00,149c33ef5c,CET,2024-12-20T10:56:24.000Z,fb3cb30056,8797,2025-02-01T11:30:00.000Z,50,0,null,null,Comer,null,0,1,"12/20/2024, 11:56:24 ?",3,1,6,activity_eat_0,0,null,"02/01/2025, 12:00:00 ?","02/01/2025, 12:30:00 ?",2,1,4,0,48,CET,null,0,null,0,0,null,null,Comer,0,2025-02-01T11:00:00.000Z,5.0 (11),"12/20/2024, 11:56:24 ?",9ptmogeelyp9xr5j2rvldjxss8jkgp4g114,null,null,,null
fbe00,149c33ef5c,CET,2024-12-20T10:56:24.000Z,107ea3e658,8785,2025-01-20T22:00:00.000Z,92,0,null,null,Trabajo,null,0,1,"12/20/2024, 11:56:24 ?",2,1,3,activity_work_0,0,null,"01/20/2025, 21:00:00 ?","01/20/2025, 23:00:00 ?",2,1,4,0,84,CET,null,0,null,0,0,null,null,Trabajo,0,2025-01-20T20:00:00.000Z,5.0 (11),"12/20/2024, 11:56:24 ?",9ptmogeelyp9xr5j2rvldjxss8jkgp4g115,null,null,,null
fbe00,149c33ef5c,CET,2024-12-20T10:56:24.000Z,dac573d76b,8781,2025-01-16T20:00:00.000Z,84,0,null,null,Comer,null,0,1,"12/20/2024, 11:56:24 ?",3,1,6,activity_eat_0,0,null,"01/16/2025, 20:30:00 ?","01/16/2025, 21:00:00 ?",2,1,4,0,82,CET,null,0,null,0,0,null,null,Comer,0,2025-01-16T19:30:00.000Z,5.0 (11),"12/20/2024, 11:56:24 ?",9ptmogeelyp9xr5j2rvldjxss8jkgp4g116,null,null,,null
fbe00,149c33ef5c,CET,2024-12-20T10:56:24.000Z,090b87c7f7,8791,2025-01-26T11:30:00.000Z,50,0,null,null,Comer,null,0,1,"12/20/2024, 11:56:24 ?",3,1,6,activity_eat_0,0,null,"01/26/2025, 12:00:00 ?","01/26/2025, 12:30:00 ?",2,1,4,0,48,CET,null,0,null,0,0,null,null,Comer,0,2025-01-26T11:00:00.000Z,5.0 (11),"12/20/2024, 11:56:24 ?",9ptmogeelyp9xr5j2rvldjxss8jkgp4g117,null,null,,null
fbe00,149c33ef5c,CET,2024-12-20T10:56:24.000Z,7a0e972fcb,8806,2025-02-10T12:30:00.000Z,54,0,null,null,Relajar,null,0,1,"12/20/2024, 11:56:24 ?",5,1,15,activity_relax_7,0,null,"02/10/2025, 12:30:00 ?","02/10/2025, 13:30:00 ?",2,1,4,0,50,CET,null,0,null,0,0,null,null,PrepÃ¡rate,0,2025-02-10T11:30:00.000Z,5.0 (11),"12/20/2024, 11:56:24 ?",9ptmogeelyp9xr5j2rvldjxss8jkgp4g118,null,null,,null
fbe00,149c33ef5c,CET,2024-12-20T10:56:24.000Z,faf305cba4,8803,2025-02-07T11:30:00.000Z,50,0,null,null,Comer,null,0,1,"12/20/2024, 11:56:24 ?",3,1,6,activity_eat_0,0,null,"02/07/2025, 12:00:00 ?","02/07/2025, 12:30:00 ?",2,1,4,0,48,CET,null,0,null,0,0,null,null,Comer,0,2025-02-07T11:00:00.000Z,5.0 (11),"12/20/2024, 11:56:24 ?",9ptmogeelyp9xr5j2rvldjxss8jkgp4g119,null,null,,null
fbe00,149c33ef5c,CET,2024-12-20T10:56:24.000Z,51dffa5019,8805,2025-02-09T22:00:00.000Z,92,0,null,null,Trabajo,null,0,1,"12/20/2024, 11:56:24 ?",2,1,3,activity_work_0,0,null,"02/09/2025, 21:00:00 ?","02/09/2025, 23:00:00 ?",2,1,4,0,84,CET,null,0,null,0,0,null,null,Trabajo,0,2025-02-09T20:00:00.000Z,5.0 (11),"12/20/2024, 11:56:24 ?",9ptmogeelyp9xr5j2rvldjxss8jkgp4g120,null,null,,null
fbe00,149c33ef5c,CET,2024-12-20T10:56:24.000Z,de68d1d10f,8806,2025-02-10T09:00:00.000Z,40,0,null,null,Dormir,ð??´,0,1,"12/20/2024, 11:56:24 ?",4,0,20,activity_sleep_12,0,null,"02/10/2025, 01:30:00 ?","02/10/2025, 10:00:00 ?",2,1,4,0,6,CET,null,0,null,0,0,null,null,Zzzzz's,0,2025-02-10T00:30:00.000Z,5.0 (11),"12/20/2024, 11:56:24 ?",9ptmogeelyp9xr5j2rvldjxss8jkgp4g121,null,null,,null
fbe00,149c33ef5c,CET,2024-12-20T10:56:24.000Z,8df311e562,8799,2025-02-03T12:30:00.000Z,54,0,null,null,Relajar,null,0,1,"12/20/2024, 11:56:24 ?",5,1,15,activity_relax_7,0,null,"02/03/2025, 12:30:00 ?","02/03/2025, 13:30:00 ?",2,1,4,0,50,CET,null,0,null,0,0,null,null,PrepÃ¡rate,0,2025-02-03T11:30:00.000Z,5.0 (11),"12/20/2024, 11:56:24 ?",9ptmogeelyp9xr5j2rvldjxss8jkgp4g122,null,null,,null
fbe00,149c33ef5c,CET,2024-12-20T10:56:24.000Z,bdd459646e,8800,2025-02-04T09:00:00.000Z,40,0,null,null,Dormir,ð??´,0,1,"12/20/2024, 11:56:24 ?",4,0,20,activity_sleep_12,0,null,"02/04/2025, 01:30:00 ?","02/04/2025, 10:00:00 ?",2,1,4,0,6,CET,null,0,null,0,0,null,null,Zzzzz's,0,2025-02-04T00:30:00.000Z,5.0 (11),"12/20/2024, 11:56:24 ?",9ptmogeelyp9xr5j2rvldjxss8jkgp4g123,null,null,,null
fbe00,149c33ef5c,CET,2024-12-20T10:56:24.000Z,b073af7ec1,8798,2025-02-02T09:00:00.000Z,40,0,null,null,Dormir,ð??´,0,1,"12/20/2024, 11:56:24 ?",4,0,20,activity_sleep_12,0,null,"02/02/2025, 01:30:00 ?","02/02/2025, 10:00:00 ?",2,1,4,0,6,CET,null,0,null,0,0,null,null,Zzzzz's,0,2025-02-02T00:30:00.000Z,5.0 (11),"12/20/2024, 11:56:24 ?",9ptmogeelyp9xr5j2rvldjxss8jkgp4g124,null,null,,null
fbe00,149c33ef5c,CET,2024-12-20T10:56:24.000Z,68c76a6745,8798,2025-02-02T19:30:00.000Z,82,0,null,null,Trabajo,null,0,1,"12/20/2024, 11:56:24 ?",2,1,3,activity_work_0,0,null,"02/02/2025, 14:00:00 ?","02/02/2025, 20:30:00 ?",2,1,4,0,56,CET,null,0,null,0,0,null,null,Trabajo,0,2025-02-02T13:00:00.000Z,5.0 (11),"12/20/2024, 11:56:24 ?",9ptmogeelyp9xr5j2rvldjxss8jkgp4g125,null,null,,null
fbe00,149c33ef5c,CET,2024-12-20T10:56:24.000Z,13f4f14403,8788,2025-01-23T12:30:00.000Z,54,0,null,null,Relajar,null,0,1,"12/20/2024, 11:56:24 ?",5,1,15,activity_relax_7,0,null,"01/23/2025, 12:30:00 ?","01/23/2025, 13:30:00 ?",2,1,4,0,50,CET,null,0,null,0,0,null,null,PrepÃ¡rate,0,2025-01-23T11:30:00.000Z,5.0 (11),"12/20/2024, 11:56:24 ?",9ptmogeelyp9xr5j2rvldjxss8jkgp4g126,null,null,,null
fbe00,149c33ef5c,CET,2024-12-20T10:56:24.000Z,e66321a602,8802,2025-02-06T20:00:00.000Z,84,0,null,null,Comer,null,0,1,"12/20/2024, 11:56:24 ?",3,1,6,activity_eat_0,0,null,"02/06/2025, 20:30:00 ?","02/06/2025, 21:00:00 ?",2,1,4,0,82,CET,null,0,null,0,0,null,null,Comer,0,2025-02-06T19:30:00.000Z,5.0 (11),"12/20/2024, 11:56:24 ?",9ptmogeelyp9xr5j2rvldjxss8jkgp4g127,null,null,,null
fbe00,149c33ef5c,CET,2024-12-20T10:56:24.000Z,7e28bcd02f,8804,2025-02-08T12:30:00.000Z,54,0,null,null,Relajar,null,0,1,"12/20/2024, 11:56:24 ?",5,1,15,activity_relax_7,0,null,"02/08/2025, 12:30:00 ?","02/08/2025, 13:30:00 ?",2,1,4,0,50,CET,null,0,null,0,0,null,null,PrepÃ¡rate,0,2025-02-08T11:30:00.000Z,5.0 (11),"12/20/2024, 11:56:24 ?",9ptmogeelyp9xr5j2rvldjxss8jkgp4g128,null,null,,null
fbe00,149c33ef5c,CET,2024-12-20T10:56:24.000Z,01ced48ad9,8790,2025-01-25T12:30:00.000Z,54,0,null,null,Relajar,null,0,1,"12/20/2024, 11:56:24 ?",5,1,15,activity_relax_7,0,null,"01/25/2025, 12:30:00 ?","01/25/2025, 13:30:00 ?",2,1,4,0,50,CET,null,0,null,0,0,null,null,PrepÃ¡rate,0,2025-01-25T11:30:00.000Z,5.0 (11),"12/20/2024, 11:56:24 ?",9ptmogeelyp9xr5j2rvldjxss8jkgp4g129,null,null,,null
fbe00,149c33ef5c,CET,2024-12-20T10:56:24.000Z,72e2fa9f09,8798,2025-02-02T20:00:00.000Z,84,0,null,null,Comer,null,0,1,"12/20/2024, 11:56:24 ?",3,1,6,activity_eat_0,0,null,"02/02/2025, 20:30:00 ?","02/02/2025, 21:00:00 ?",2,1,4,0,82,CET,null,0,null,0,0,null,null,Comer,0,2025-02-02T19:30:00.000Z,5.0 (11),"12/20/2024, 11:56:24 ?",9ptmogeelyp9xr5j2rvldjxss8jkgp4g130,null,null,,null
fbe00,149c33ef5c,CET,2024-12-20T10:56:24.000Z,4ff7eb0dbd,8794,2025-01-29T22:00:00.000Z,92,0,null,null,Trabajo,null,0,1,"12/20/2024, 11:56:24 ?",2,1,3,activity_work_0,0,null,"01/29/2025, 21:00:00 ?","01/29/2025, 23:00:00 ?",2,1,4,0,84,CET,null,0,null,0,0,null,null,Trabajo,0,2025-01-29T20:00:00.000Z,5.0 (11),"12/20/2024, 11:56:24 ?",9ptmogeelyp9xr5j2rvldjxss8jkgp4g131,null,null,,null
fbe00,149c33ef5c,CET,2024-12-20T10:56:24.000Z,36d3a47ac7,8803,2025-02-07T09:00:00.000Z,40,0,null,null,Dormir,ð??´,0,1,"12/20/2024, 11:56:24 ?",4,0,20,activity_sleep_12,0,null,"02/07/2025, 01:30:00 ?","02/07/2025, 10:00:00 ?",2,1,4,0,6,CET,null,0,null,0,0,null,null,Zzzzz's,0,2025-02-07T00:30:00.000Z,5.0 (11),"12/20/2024, 11:56:24 ?",9ptmogeelyp9xr5j2rvldjxss8jkgp4g132,null,null,,null
fbe00,149c33ef5c,CET,2024-12-20T10:56:24.000Z,657a847e32,8809,2025-02-13T22:00:00.000Z,92,0,null,null,Trabajo,null,0,1,"12/20/2024, 11:56:24 ?",2,1,3,activity_work_0,0,null,"02/13/2025, 21:00:00 ?","02/13/2025, 23:00:00 ?",2,1,4,0,84,CET,null,0,null,0,0,null,null,Trabajo,0,2025-02-13T20:00:00.000Z,5.0 (11),"12/20/2024, 11:56:24 ?",9ptmogeelyp9xr5j2rvldjxss8jkgp4g133,null,null,,null
fbe00,149c33ef5c,CET,2024-12-20T10:56:24.000Z,cfba55d954,8785,2025-01-20T09:00:00.000Z,40,0,null,null,Dormir,ð??´,0,1,"12/20/2024, 11:56:24 ?",4,0,20,activity_sleep_12,0,null,"01/20/2025, 01:30:00 ?","01/20/2025, 10:00:00 ?",2,1,4,0,6,CET,null,0,null,0,0,null,null,Zzzzz's,0,2025-01-20T00:30:00.000Z,5.0 (11),"12/20/2024, 11:56:24 ?",9ptmogeelyp9xr5j2rvldjxss8jkgp4g134,null,null,,null
fbe00,149c33ef5c,CET,2024-12-20T10:56:24.000Z,9ebcf78c87,8796,2025-01-31T22:00:00.000Z,92,0,null,null,Trabajo,null,0,1,"12/20/2024, 11:56:24 ?",2,1,3,activity_work_0,0,null,"01/31/2025, 21:00:00 ?","01/31/2025, 23:00:00 ?",2,1,4,0,84,CET,null,0,null,0,0,null,null,Trabajo,0,2025-01-31T20:00:00.000Z,5.0 (11),"12/20/2024, 11:56:24 ?",9ptmogeelyp9xr5j2rvldjxss8jkgp4g135,null,null,,null
fbe00,149c33ef5c,CET,2024-12-20T10:56:24.000Z,cb06981303,8797,2025-02-01T12:30:00.000Z,54,0,null,null,Relajar,null,0,1,"12/20/2024, 11:56:24 ?",5,1,15,activity_relax_7,0,null,"02/01/2025, 12:30:00 ?","02/01/2025, 13:30:00 ?",2,1,4,0,50,CET,null,0,null,0,0,null,null,PrepÃ¡rate,0,2025-02-01T11:30:00.000Z,5.0 (11),"12/20/2024, 11:56:24 ?",9ptmogeelyp9xr5j2rvldjxss8jkgp4g136,null,null,,null
fbe00,149c33ef5c,CET,2024-12-20T10:56:24.000Z,7f62dd5a2c,8796,2025-01-31T12:30:00.000Z,54,0,null,null,Relajar,null,0,1,"12/20/2024, 11:56:24 ?",5,1,15,activity_relax_7,0,null,"01/31/2025, 12:30:00 ?","01/31/2025, 13:30:00 ?",2,1,4,0,50,CET,null,0,null,0,0,null,null,PrepÃ¡rate,0,2025-01-31T11:30:00.000Z,5.0 (11),"12/20/2024, 11:56:24 ?",9ptmogeelyp9xr5j2rvldjxss8jkgp4g137,null,null,,null
fbe00,149c33ef5c,CET,2024-12-20T10:56:24.000Z,d6a19c937e,8792,2025-01-27T12:30:00.000Z,54,0,null,null,Relajar,null,0,1,"12/20/2024, 11:56:24 ?",5,1,15,activity_relax_7,0,null,"01/27/2025, 12:30:00 ?","01/27/2025, 13:30:00 ?",2,1,4,0,50,CET,null,0,null,0,0,null,null,PrepÃ¡rate,0,2025-01-27T11:30:00.000Z,5.0 (11),"12/20/2024, 11:56:24 ?",9ptmogeelyp9xr5j2rvldjxss8jkgp4g138,null,null,,null
fbe00,149c33ef5c,CET,2024-12-20T10:56:24.000Z,bc4819f022,8790,2025-01-25T11:30:00.000Z,50,0,null,null,Comer,null,0,1,"12/20/2024, 11:56:24 ?",3,1,6,activity_eat_0,0,null,"01/25/2025, 12:00:00 ?","01/25/2025, 12:30:00 ?",2,1,4,0,48,CET,null,0,null,0,0,null,null,Comer,0,2025-01-25T11:00:00.000Z,5.0 (11),"12/20/2024, 11:56:24 ?",9ptmogeelyp9xr5j2rvldjxss8jkgp4g139,null,null,,null
fbe00,149c33ef5c,CET,2024-12-20T10:56:24.000Z,35f0c79ba1,8809,2025-02-13T19:30:00.000Z,82,0,null,null,Trabajo,null,0,1,"12/20/2024, 11:56:24 ?",2,1,3,activity_work_0,0,null,"02/13/2025, 14:00:00 ?","02/13/2025, 20:30:00 ?",2,1,4,0,56,CET,null,0,null,0,0,null,null,Trabajo,0,2025-02-13T13:00:00.000Z,5.0 (11),"12/20/2024, 11:56:24 ?",9ptmogeelyp9xr5j2rvldjxss8jkgp4g140,null,null,,null
fbe00,149c33ef5c,CET,2024-12-20T10:56:24.000Z,f8f15563a2,8807,2025-02-11T22:00:00.000Z,92,0,null,null,Trabajo,null,0,1,"12/20/2024, 11:56:24 ?",2,1,3,activity_work_0,0,null,"02/11/2025, 21:00:00 ?","02/11/2025, 23:00:00 ?",2,1,4,0,84,CET,null,0,null,0,0,null,null,Trabajo,0,2025-02-11T20:00:00.000Z,5.0 (11),"12/20/2024, 11:56:24 ?",9ptmogeelyp9xr5j2rvldjxss8jkgp4g141,null,null,,null
fbe00,149c33ef5c,CET,2024-12-20T10:56:24.000Z,416853e71c,8808,2025-02-12T11:30:00.000Z,50,0,null,null,Comer,null,0,1,"12/20/2024, 11:56:24 ?",3,1,6,activity_eat_0,0,null,"02/12/2025, 12:00:00 ?","02/12/2025, 12:30:00 ?",2,1,4,0,48,CET,null,0,null,0,0,null,null,Comer,0,2025-02-12T11:00:00.000Z,5.0 (11),"12/20/2024, 11:56:24 ?",9ptmogeelyp9xr5j2rvldjxss8jkgp4g142,null,null,,null
fbe00,149c33ef5c,CET,2024-12-20T10:56:24.000Z,4d04409789,8791,2025-01-26T12:30:00.000Z,54,0,null,null,Relajar,null,0,1,"12/20/2024, 11:56:24 ?",5,1,15,activity_relax_7,0,null,"01/26/2025, 12:30:00 ?","01/26/2025, 13:30:00 ?",2,1,4,0,50,CET,null,0,null,0,0,null,null,PrepÃ¡rate,0,2025-01-26T11:30:00.000Z,5.0 (11),"12/20/2024, 11:56:24 ?",9ptmogeelyp9xr5j2rvldjxss8jkgp4g143,null,null,,null
fbe00,149c33ef5c,CET,2024-12-20T10:56:24.000Z,15f09aec31,8799,2025-02-03T09:00:00.000Z,40,0,null,null,Dormir,ð??´,0,1,"12/20/2024, 11:56:24 ?",4,0,20,activity_sleep_12,0,null,"02/03/2025, 01:30:00 ?","02/03/2025, 10:00:00 ?",2,1,4,0,6,CET,null,0,null,0,0,null,null,Zzzzz's,0,2025-02-03T00:30:00.000Z,5.0 (11),"12/20/2024, 11:56:24 ?",9ptmogeelyp9xr5j2rvldjxss8jkgp4g144,null,null,,null
fbe00,149c33ef5c,CET,2024-12-20T10:56:24.000Z,db4674a227,8783,2025-01-18T11:30:00.000Z,50,0,null,null,Comer,null,0,1,"12/20/2024, 11:56:24 ?",3,1,6,activity_eat_0,0,null,"01/18/2025, 12:00:00 ?","01/18/2025, 12:30:00 ?",2,1,4,0,48,CET,null,0,null,0,0,null,null,Comer,0,2025-01-18T11:00:00.000Z,5.0 (11),"12/20/2024, 11:56:24 ?",9ptmogeelyp9xr5j2rvldjxss8jkgp4g145,null,null,,null
fbe00,149c33ef5c,CET,2024-12-20T10:56:24.000Z,9162d21613,8781,2025-01-16T22:00:00.000Z,92,0,null,null,Trabajo,null,0,1,"12/20/2024, 11:56:24 ?",2,1,3,activity_work_0,0,null,"01/16/2025, 21:00:00 ?","01/16/2025, 23:00:00 ?",2,1,4,0,84,CET,null,0,null,0,0,null,null,Trabajo,0,2025-01-16T20:00:00.000Z,5.0 (11),"12/20/2024, 11:56:24 ?",9ptmogeelyp9xr5j2rvldjxss8jkgp4g146,null,null,,null
fbe00,149c33ef5c,CET,2024-12-20T10:56:24.000Z,db7cfa17d1,8795,2025-01-30T11:30:00.000Z,50,0,null,null,Comer,null,0,1,"12/20/2024, 11:56:24 ?",3,1,6,activity_eat_0,0,null,"01/30/2025, 12:00:00 ?","01/30/2025, 12:30:00 ?",2,1,4,0,48,CET,null,0,null,0,0,null,null,Comer,0,2025-01-30T11:00:00.000Z,5.0 (11),"12/20/2024, 11:56:24 ?",9ptmogeelyp9xr5j2rvldjxss8jkgp4g147,null,null,,null
fbe00,149c33ef5c,CET,2024-12-20T10:56:24.000Z,b9188d883b,8800,2025-02-04T20:00:00.000Z,84,0,null,null,Comer,null,0,1,"12/20/2024, 11:56:24 ?",3,1,6,activity_eat_0,0,null,"02/04/2025, 20:30:00 ?","02/04/2025, 21:00:00 ?",2,1,4,0,82,CET,null,0,null,0,0,null,null,Comer,0,2025-02-04T19:30:00.000Z,5.0 (11),"12/20/2024, 11:56:24 ?",9ptmogeelyp9xr5j2rvldjxss8jkgp4g148,null,null,,null
fbe00,149c33ef5c,CET,2024-12-20T10:56:24.000Z,aac0cc7042,8789,2025-01-24T19:30:00.000Z,82,0,null,null,Trabajo,null,0,1,"12/20/2024, 11:56:24 ?",2,1,3,activity_work_0,0,null,"01/24/2025, 14:00:00 ?","01/24/2025, 20:30:00 ?",2,1,4,0,56,CET,null,0,null,0,0,null,null,Trabajo,0,2025-01-24T13:00:00.000Z,5.0 (11),"12/20/2024, 11:56:24 ?",9ptmogeelyp9xr5j2rvldjxss8jkgp4g149,null,null,,null
fbe00,149c33ef5c,CET,2024-12-20T10:56:24.000Z,238ede9340,8806,2025-02-10T22:00:00.000Z,92,0,null,null,Trabajo,null,0,1,"12/20/2024, 11:56:24 ?",2,1,3,activity_work_0,0,null,"02/10/2025, 21:00:00 ?","02/10/2025, 23:00:00 ?",2,1,4,0,84,CET,null,0,null,0,0,null,null,Trabajo,0,2025-02-10T20:00:00.000Z,5.0 (11),"12/20/2024, 11:56:24 ?",9ptmogeelyp9xr5j2rvldjxss8jkgp4g150,null,null,,null
fbe00,149c33ef5c,CET,2024-12-20T10:56:24.000Z,d44cc9141b,8782,2025-01-17T12:30:00.000Z,54,0,null,null,Relajar,null,0,1,"12/20/2024, 11:56:24 ?",5,1,15,activity_relax_7,0,null,"01/17/2025, 12:30:00 ?","01/17/2025, 13:30:00 ?",2,1,4,0,50,CET,null,0,null,0,0,null,null,PrepÃ¡rate,0,2025-01-17T11:30:00.000Z,5.0 (11),"12/20/2024, 11:56:24 ?",9ptmogeelyp9xr5j2rvldjxss8jkgp4g151,null,null,,null
fbe00,149c33ef5c,CET,2024-12-20T10:56:24.000Z,41d6598592,8784,2025-01-19T20:00:00.000Z,84,0,null,null,Comer,null,0,1,"12/20/2024, 11:56:24 ?",3,1,6,activity_eat_0,0,null,"01/19/2025, 20:30:00 ?","01/19/2025, 21:00:00 ?",2,1,4,0,82,CET,null,0,null,0,0,null,null,Comer,0,2025-01-19T19:30:00.000Z,5.0 (11),"12/20/2024, 11:56:24 ?",9ptmogeelyp9xr5j2rvldjxss8jkgp4g152,null,null,,null
fbe00,149c33ef5c,CET,2024-12-20T10:56:24.000Z,d337f819d3,8780,2025-01-15T09:00:00.000Z,40,0,null,null,Dormir,ð??´,0,1,"12/20/2024, 11:56:24 ?",4,0,20,activity_sleep_12,0,null,"01/15/2025, 01:30:00 ?","01/15/2025, 10:00:00 ?",2,1,4,0,6,CET,null,0,null,0,0,null,null,Zzzzz's,0,2025-01-15T00:30:00.000Z,5.0 (11),"12/20/2024, 11:56:24 ?",9ptmogeelyp9xr5j2rvldjxss8jkgp4g153,null,null,,null
fbe00,149c33ef5c,CET,2024-12-20T10:56:24.000Z,ac5d67a1f8,8793,2025-01-28T19:30:00.000Z,82,0,null,null,Trabajo,null,0,1,"12/20/2024, 11:56:24 ?",2,1,3,activity_work_0,0,null,"01/28/2025, 14:00:00 ?","01/28/2025, 20:30:00 ?",2,1,4,0,56,CET,null,0,null,0,0,null,null,Trabajo,0,2025-01-28T13:00:00.000Z,5.0 (11),"12/20/2024, 11:56:24 ?",9ptmogeelyp9xr5j2rvldjxss8jkgp4g154,null,null,,null
fbe00,149c33ef5c,CET,2024-12-20T10:56:24.000Z,547baf62a6,8783,2025-01-18T09:00:00.000Z,40,0,null,null,Dormir,ð??´,0,1,"12/20/2024, 11:56:24 ?",4,0,20,activity_sleep_12,0,null,"01/18/2025, 01:30:00 ?","01/18/2025, 10:00:00 ?",2,1,4,0,6,CET,null,0,null,0,0,null,null,Zzzzz's,0,2025-01-18T00:30:00.000Z,5.0 (11),"12/20/2024, 11:56:24 ?",9ptmogeelyp9xr5j2rvldjxss8jkgp4g155,null,null,,null
fbe00,149c33ef5c,CET,2024-12-20T10:56:24.000Z,84345b8f62,8790,2025-01-25T19:30:00.000Z,82,0,null,null,Trabajo,null,0,1,"12/20/2024, 11:56:24 ?",2,1,3,activity_work_0,0,null,"01/25/2025, 14:00:00 ?","01/25/2025, 20:30:00 ?",2,1,4,0,56,CET,null,0,null,0,0,null,null,Trabajo,0,2025-01-25T13:00:00.000Z,5.0 (11),"12/20/2024, 11:56:24 ?",9ptmogeelyp9xr5j2rvldjxss8jkgp4g156,null,null,,null
fbe00,149c33ef5c,CET,2024-12-20T10:56:24.000Z,b2c4a6e5f7,8800,2025-02-04T19:30:00.000Z,82,0,null,null,Trabajo,null,0,1,"12/20/2024, 11:56:24 ?",2,1,3,activity_work_0,0,null,"02/04/2025, 14:00:00 ?","02/04/2025, 20:30:00 ?",2,1,4,0,56,CET,null,0,null,0,0,null,null,Trabajo,0,2025-02-04T13:00:00.000Z,5.0 (11),"12/20/2024, 11:56:24 ?",9ptmogeelyp9xr5j2rvldjxss8jkgp4g157,null,null,,null
fbe00,149c33ef5c,CET,2024-12-20T10:56:24.000Z,bfdffc7b79,8786,2025-01-21T20:00:00.000Z,84,0,null,null,Comer,null,0,1,"12/20/2024, 11:56:24 ?",3,1,6,activity_eat_0,0,null,"01/21/2025, 20:30:00 ?","01/21/2025, 21:00:00 ?",2,1,4,0,82,CET,null,0,null,0,0,null,null,Comer,0,2025-01-21T19:30:00.000Z,5.0 (11),"12/20/2024, 11:56:24 ?",9ptmogeelyp9xr5j2rvldjxss8jkgp4g158,null,null,,null
fbe00,149c33ef5c,CET,2024-12-20T10:56:24.000Z,5801523577,8807,2025-02-11T11:30:00.000Z,50,0,null,null,Comer,null,0,1,"12/20/2024, 11:56:24 ?",3,1,6,activity_eat_0,0,null,"02/11/2025, 12:00:00 ?","02/11/2025, 12:30:00 ?",2,1,4,0,48,CET,null,0,null,0,0,null,null,Comer,0,2025-02-11T11:00:00.000Z,5.0 (11),"12/20/2024, 11:56:24 ?",9ptmogeelyp9xr5j2rvldjxss8jkgp4g159,null,null,,null
fbe00,149c33ef5c,CET,2024-12-20T10:56:24.000Z,83bb5a524f,8791,2025-01-26T09:00:00.000Z,40,0,null,null,Dormir,ð??´,0,1,"12/20/2024, 11:56:24 ?",4,0,20,activity_sleep_12,0,null,"01/26/2025, 01:30:00 ?","01/26/2025, 10:00:00 ?",2,1,4,0,6,CET,null,0,null,0,0,null,null,Zzzzz's,0,2025-01-26T00:30:00.000Z,5.0 (11),"12/20/2024, 11:56:24 ?",9ptmogeelyp9xr5j2rvldjxss8jkgp4g160,null,null,,null
fbe00,149c33ef5c,CET,2024-12-20T10:56:24.000Z,91fef57caa,8794,2025-01-29T12:30:00.000Z,54,0,null,null,Relajar,null,0,1,"12/20/2024, 11:56:24 ?",5,1,15,activity_relax_7,0,null,"01/29/2025, 12:30:00 ?","01/29/2025, 13:30:00 ?",2,1,4,0,50,CET,null,0,null,0,0,null,null,PrepÃ¡rate,0,2025-01-29T11:30:00.000Z,5.0 (11),"12/20/2024, 11:56:24 ?",9ptmogeelyp9xr5j2rvldjxss8jkgp4g161,null,null,,null
fbe00,149c33ef5c,CET,2024-12-20T10:56:24.000Z,f037bcfe31,8810,2025-02-14T09:00:00.000Z,40,0,null,null,Dormir,ð??´,0,1,"12/20/2024, 11:56:24 ?",4,0,20,activity_sleep_12,0,null,"02/14/2025, 01:30:00 ?","02/14/2025, 10:00:00 ?",2,1,4,0,6,CET,null,0,null,0,0,null,null,Zzzzz's,0,2025-02-14T00:30:00.000Z,5.0 (11),"12/20/2024, 11:56:24 ?",9ptmogeelyp9xr5j2rvldjxss8jkgp4g162,null,null,,null
fbe00,149c33ef5c,CET,2024-12-20T10:56:24.000Z,ccb67b4c9e,8808,2025-02-12T19:30:00.000Z,82,0,null,null,Trabajo,null,0,1,"12/20/2024, 11:56:24 ?",2,1,3,activity_work_0,0,null,"02/12/2025, 14:00:00 ?","02/12/2025, 20:30:00 ?",2,1,4,0,56,CET,null,0,null,0,0,null,null,Trabajo,0,2025-02-12T13:00:00.000Z,5.0 (11),"12/20/2024, 11:56:24 ?",9ptmogeelyp9xr5j2rvldjxss8jkgp4g163,null,null,,null
fbe00,149c33ef5c,CET,2024-12-20T10:56:24.000Z,64b00f8a51,8786,2025-01-21T09:00:00.000Z,40,0,null,null,Dormir,ð??´,0,1,"12/20/2024, 11:56:24 ?",4,0,20,activity_sleep_12,0,null,"01/21/2025, 01:30:00 ?","01/21/2025, 10:00:00 ?",2,1,4,0,6,CET,null,0,null,0,0,null,null,Zzzzz's,0,2025-01-21T00:30:00.000Z,5.0 (11),"12/20/2024, 11:56:24 ?",9ptmogeelyp9xr5j2rvldjxss8jkgp4g164,null,null,,null
fbe00,149c33ef5c,CET,2024-12-20T10:56:24.000Z,ff165c4570,8805,2025-02-09T11:30:00.000Z,50,0,null,null,Comer,null,0,1,"12/20/2024, 11:56:24 ?",3,1,6,activity_eat_0,0,null,"02/09/2025, 12:00:00 ?","02/09/2025, 12:30:00 ?",2,1,4,0,48,CET,null,0,null,0,0,null,null,Comer,0,2025-02-09T11:00:00.000Z,5.0 (11),"12/20/2024, 11:56:24 ?",9ptmogeelyp9xr5j2rvldjxss8jkgp4g165,null,null,,null
fbe00,149c33ef5c,CET,2024-12-20T10:56:24.000Z,a9ce9ac0f7,8802,2025-02-06T12:30:00.000Z,54,0,null,null,Relajar,null,0,1,"12/20/2024, 11:56:24 ?",5,1,15,activity_relax_7,0,null,"02/06/2025, 12:30:00 ?","02/06/2025, 13:30:00 ?",2,1,4,0,50,CET,null,0,null,0,0,null,null,PrepÃ¡rate,0,2025-02-06T11:30:00.000Z,5.0 (11),"12/20/2024, 11:56:24 ?",9ptmogeelyp9xr5j2rvldjxss8jkgp4g166,null,null,,null
fbe00,149c33ef5c,CET,2024-12-20T10:56:24.000Z,a4c03cde55,8797,2025-02-01T22:00:00.000Z,92,0,null,null,Trabajo,null,0,1,"12/20/2024, 11:56:24 ?",2,1,3,activity_work_0,0,null,"02/01/2025, 21:00:00 ?","02/01/2025, 23:00:00 ?",2,1,4,0,84,CET,null,0,null,0,0,null,null,Trabajo,0,2025-02-01T20:00:00.000Z,5.0 (11),"12/20/2024, 11:56:24 ?",9ptmogeelyp9xr5j2rvldjxss8jkgp4g167,null,null,,null
fbe00,149c33ef5c,CET,2024-12-20T10:56:24.000Z,fddf38f1ef,8789,2025-01-24T11:30:00.000Z,50,0,null,null,Comer,null,0,1,"12/20/2024, 11:56:24 ?",3,1,6,activity_eat_0,0,null,"01/24/2025, 12:00:00 ?","01/24/2025, 12:30:00 ?",2,1,4,0,48,CET,null,0,null,0,0,null,null,Comer,0,2025-01-24T11:00:00.000Z,5.0 (11),"12/20/2024, 11:56:24 ?",9ptmogeelyp9xr5j2rvldjxss8jkgp4g168,null,null,,null
fbe00,149c33ef5c,CET,2024-12-20T10:56:24.000Z,2cf3d2e3d8,8795,2025-01-30T22:00:00.000Z,92,0,null,null,Trabajo,null,0,1,"12/20/2024, 11:56:24 ?",2,1,3,activity_work_0,0,null,"01/30/2025, 21:00:00 ?","01/30/2025, 23:00:00 ?",2,1,4,0,84,CET,null,0,null,0,0,null,null,Trabajo,0,2025-01-30T20:00:00.000Z,5.0 (11),"12/20/2024, 11:56:24 ?",9ptmogeelyp9xr5j2rvldjxss8jkgp4g169,null,null,,null
fbe00,149c33ef5c,CET,2024-12-20T10:56:24.000Z,d1cf1814f8,8799,2025-02-03T20:00:00.000Z,84,0,null,null,Comer,null,0,1,"12/20/2024, 11:56:24 ?",3,1,6,activity_eat_0,0,null,"02/03/2025, 20:30:00 ?","02/03/2025, 21:00:00 ?",2,1,4,0,82,CET,null,0,null,0,0,null,null,Comer,0,2025-02-03T19:30:00.000Z,5.0 (11),"12/20/2024, 11:56:24 ?",9ptmogeelyp9xr5j2rvldjxss8jkgp4g170,null,null,,null
fbe00,149c33ef5c,CET,2024-12-20T10:56:24.000Z,3f2a850ed5,8780,2025-01-15T19:30:00.000Z,82,0,null,null,Trabajo,null,0,1,"12/20/2024, 11:56:24 ?",2,1,3,activity_work_0,0,null,"01/15/2025, 14:00:00 ?","01/15/2025, 20:30:00 ?",2,1,4,0,56,CET,null,0,null,0,0,null,null,Trabajo,0,2025-01-15T13:00:00.000Z,5.0 (11),"12/20/2024, 11:56:24 ?",9ptmogeelyp9xr5j2rvldjxss8jkgp4g171,null,null,,null
fbe00,149c33ef5c,CET,2024-12-20T10:56:24.000Z,3a7fcd0897,8805,2025-02-09T09:00:00.000Z,40,0,null,null,Dormir,ð??´,0,1,"12/20/2024, 11:56:24 ?",4,0,20,activity_sleep_12,0,null,"02/09/2025, 01:30:00 ?","02/09/2025, 10:00:00 ?",2,1,4,0,6,CET,null,0,null,0,0,null,null,Zzzzz's,0,2025-02-09T00:30:00.000Z,5.0 (11),"12/20/2024, 11:56:24 ?",9ptmogeelyp9xr5j2rvldjxss8jkgp4g172,null,null,,null
fbe00,149c33ef5c,CET,2024-12-20T10:56:24.000Z,6db49a08df,8808,2025-02-12T09:00:00.000Z,40,0,null,null,Dormir,ð??´,0,1,"12/20/2024, 11:56:24 ?",4,0,20,activity_sleep_12,0,null,"02/12/2025, 01:30:00 ?","02/12/2025, 10:00:00 ?",2,1,4,0,6,CET,null,0,null,0,0,null,null,Zzzzz's,0,2025-02-12T00:30:00.000Z,5.0 (11),"12/20/2024, 11:56:24 ?",9ptmogeelyp9xr5j2rvldjxss8jkgp4g173,null,null,,null
fbe00,149c33ef5c,CET,2024-12-20T10:56:24.000Z,ec620a23f2,8793,2025-01-28T09:00:00.000Z,40,0,null,null,Dormir,ð??´,0,1,"12/20/2024, 11:56:24 ?",4,0,20,activity_sleep_12,0,null,"01/28/2025, 01:30:00 ?","01/28/2025, 10:00:00 ?",2,1,4,0,6,CET,null,0,null,0,0,null,null,Zzzzz's,0,2025-01-28T00:30:00.000Z,5.0 (11),"12/20/2024, 11:56:24 ?",9ptmogeelyp9xr5j2rvldjxss8jkgp4g174,null,null,,null
fbe00,149c33ef5c,CET,2024-12-20T10:56:24.000Z,05eb99791e,8792,2025-01-27T20:00:00.000Z,84,0,null,null,Comer,null,0,1,"12/20/2024, 11:56:24 ?",3,1,6,activity_eat_0,0,null,"01/27/2025, 20:30:00 ?","01/27/2025, 21:00:00 ?",2,1,4,0,82,CET,null,0,null,0,0,null,null,Comer,0,2025-01-27T19:30:00.000Z,5.0 (11),"12/20/2024, 11:56:24 ?",9ptmogeelyp9xr5j2rvldjxss8jkgp4g175,null,null,,null
fbe00,149c33ef5c,CET,2024-12-20T10:56:24.000Z,36097482c2,8801,2025-02-05T11:30:00.000Z,50,0,null,null,Comer,null,0,1,"12/20/2024, 11:56:24 ?",3,1,6,activity_eat_0,0,null,"02/05/2025, 12:00:00 ?","02/05/2025, 12:30:00 ?",2,1,4,0,48,CET,null,0,null,0,0,null,null,Comer,0,2025-02-05T11:00:00.000Z,5.0 (11),"12/20/2024, 11:56:24 ?",9ptmogeelyp9xr5j2rvldjxss8jkgp4g176,null,null,,null
fbe00,149c33ef5c,CET,2024-12-20T10:56:24.000Z,28726492ff,8791,2025-01-26T20:00:00.000Z,84,0,null,null,Comer,null,0,1,"12/20/2024, 11:56:24 ?",3,1,6,activity_eat_0,0,null,"01/26/2025, 20:30:00 ?","01/26/2025, 21:00:00 ?",2,1,4,0,82,CET,null,0,null,0,0,null,null,Comer,0,2025-01-26T19:30:00.000Z,5.0 (11),"12/20/2024, 11:56:24 ?",9ptmogeelyp9xr5j2rvldjxss8jkgp4g177,null,null,,null
fbe00,149c33ef5c,CET,2024-12-20T10:56:24.000Z,029f51befd,8781,2025-01-16T11:30:00.000Z,50,0,null,null,Comer,null,0,1,"12/20/2024, 11:56:24 ?",3,1,6,activity_eat_0,0,null,"01/16/2025, 12:00:00 ?","01/16/2025, 12:30:00 ?",2,1,4,0,48,CET,null,0,null,0,0,null,null,Comer,0,2025-01-16T11:00:00.000Z,5.0 (11),"12/20/2024, 11:56:24 ?",9ptmogeelyp9xr5j2rvldjxss8jkgp4g178,null,null,,null
fbe00,149c33ef5c,CET,2024-12-20T10:56:24.000Z,348741786e,8784,2025-01-19T11:30:00.000Z,50,0,null,null,Comer,null,0,1,"12/20/2024, 11:56:24 ?",3,1,6,activity_eat_0,0,null,"01/19/2025, 12:00:00 ?","01/19/2025, 12:30:00 ?",2,1,4,0,48,CET,null,0,null,0,0,null,null,Comer,0,2025-01-19T11:00:00.000Z,5.0 (11),"12/20/2024, 11:56:24 ?",9ptmogeelyp9xr5j2rvldjxss8jkgp4g179,null,null,,null
fbe00,149c33ef5c,CET,2024-12-20T10:56:24.000Z,63693de44b,8792,2025-01-27T11:30:00.000Z,50,0,null,null,Comer,null,0,1,"12/20/2024, 11:56:24 ?",3,1,6,activity_eat_0,0,null,"01/27/2025, 12:00:00 ?","01/27/2025, 12:30:00 ?",2,1,4,0,48,CET,null,0,null,0,0,null,null,Comer,0,2025-01-27T11:00:00.000Z,5.0 (11),"12/20/2024, 11:56:24 ?",9ptmogeelyp9xr5j2rvldjxss8jkgp4g180,null,null,,null
fbe00,149c33ef5c,CET,2024-12-20T10:56:24.000Z,fdd78fd106,8801,2025-02-05T20:00:00.000Z,84,0,null,null,Comer,null,0,1,"12/20/2024, 11:56:24 ?",3,1,6,activity_eat_0,0,null,"02/05/2025, 20:30:00 ?","02/05/2025, 21:00:00 ?",2,1,4,0,82,CET,null,0,null,0,0,null,null,Comer,0,2025-02-05T19:30:00.000Z,5.0 (11),"12/20/2024, 11:56:24 ?",9ptmogeelyp9xr5j2rvldjxss8jkgp4g181,null,null,,null
fbe00,149c33ef5c,CET,2024-12-20T10:56:24.000Z,741c930784,8796,2025-01-31T11:30:00.000Z,50,0,null,null,Comer,null,0,1,"12/20/2024, 11:56:24 ?",3,1,6,activity_eat_0,0,null,"01/31/2025, 12:00:00 ?","01/31/2025, 12:30:00 ?",2,1,4,0,48,CET,null,0,null,0,0,null,null,Comer,0,2025-01-31T11:00:00.000Z,5.0 (11),"12/20/2024, 11:56:24 ?",9ptmogeelyp9xr5j2rvldjxss8jkgp4g182,null,null,,null
fbe00,149c33ef5c,CET,2024-12-20T10:56:24.000Z,d2d9d654c4,8793,2025-01-28T22:00:00.000Z,92,0,null,null,Trabajo,null,0,1,"12/20/2024, 11:56:24 ?",2,1,3,activity_work_0,0,null,"01/28/2025, 21:00:00 ?","01/28/2025, 23:00:00 ?",2,1,4,0,84,CET,null,0,null,0,0,null,null,Trabajo,0,2025-01-28T20:00:00.000Z,5.0 (11),"12/20/2024, 11:56:24 ?",9ptmogeelyp9xr5j2rvldjxss8jkgp4g183,null,null,,null
fbe00,149c33ef5c,CET,2024-12-20T10:56:24.000Z,98a75181b9,8782,2025-01-17T20:00:00.000Z,84,0,null,null,Comer,null,0,1,"12/20/2024, 11:56:24 ?",3,1,6,activity_eat_0,0,null,"01/17/2025, 20:30:00 ?","01/17/2025, 21:00:00 ?",2,1,4,0,82,CET,null,0,null,0,0,null,null,Comer,0,2025-01-17T19:30:00.000Z,5.0 (11),"12/20/2024, 11:56:24 ?",9ptmogeelyp9xr5j2rvldjxss8jkgp4g184,null,null,,null
fbe00,149c33ef5c,CET,2024-12-20T10:56:24.000Z,6038ba9eba,8791,2025-01-26T22:00:00.000Z,92,0,null,null,Trabajo,null,0,1,"12/20/2024, 11:56:24 ?",2,1,3,activity_work_0,0,null,"01/26/2025, 21:00:00 ?","01/26/2025, 23:00:00 ?",2,1,4,0,84,CET,null,0,null,0,0,null,null,Trabajo,0,2025-01-26T20:00:00.000Z,5.0 (11),"12/20/2024, 11:56:24 ?",9ptmogeelyp9xr5j2rvldjxss8jkgp4g185,null,null,,null
fbe00,149c33ef5c,CET,2024-12-20T10:56:24.000Z,381e309526,8794,2025-01-29T20:00:00.000Z,84,0,null,null,Comer,null,0,1,"12/20/2024, 11:56:24 ?",3,1,6,activity_eat_0,0,null,"01/29/2025, 20:30:00 ?","01/29/2025, 21:00:00 ?",2,1,4,0,82,CET,null,0,null,0,0,null,null,Comer,0,2025-01-29T19:30:00.000Z,5.0 (11),"12/20/2024, 11:56:24 ?",9ptmogeelyp9xr5j2rvldjxss8jkgp4g186,null,null,,null
fbe00,149c33ef5c,CET,2024-12-20T10:56:24.000Z,50c78b451b,8789,2025-01-24T12:30:00.000Z,54,0,null,null,Relajar,null,0,1,"12/20/2024, 11:56:24 ?",5,1,15,activity_relax_7,0,null,"01/24/2025, 12:30:00 ?","01/24/2025, 13:30:00 ?",2,1,4,0,50,CET,null,0,null,0,0,null,null,PrepÃ¡rate,0,2025-01-24T11:30:00.000Z,5.0 (11),"12/20/2024, 11:56:24 ?",9ptmogeelyp9xr5j2rvldjxss8jkgp4g187,null,null,,null
fbe00,149c33ef5c,CET,2024-12-20T10:56:24.000Z,94fe1fa204,8786,2025-01-21T12:30:00.000Z,54,0,null,null,Relajar,null,0,1,"12/20/2024, 11:56:24 ?",5,1,15,activity_relax_7,0,null,"01/21/2025, 12:30:00 ?","01/21/2025, 13:30:00 ?",2,1,4,0,50,CET,null,0,null,0,0,null,null,PrepÃ¡rate,0,2025-01-21T11:30:00.000Z,5.0 (11),"12/20/2024, 11:56:24 ?",9ptmogeelyp9xr5j2rvldjxss8jkgp4g188,null,null,,null
fbe00,149c33ef5c,CET,2024-12-20T10:56:24.000Z,a3210f7e8d,8801,2025-02-05T22:00:00.000Z,92,0,null,null,Trabajo,null,0,1,"12/20/2024, 11:56:24 ?",2,1,3,activity_work_0,0,null,"02/05/2025, 21:00:00 ?","02/05/2025, 23:00:00 ?",2,1,4,0,84,CET,null,0,null,0,0,null,null,Trabajo,0,2025-02-05T20:00:00.000Z,5.0 (11),"12/20/2024, 11:56:24 ?",9ptmogeelyp9xr5j2rvldjxss8jkgp4g189,null,null,,null
fbe00,149c33ef5c,CET,2024-12-20T10:56:24.000Z,ca5dfbc166,8785,2025-01-20T12:30:00.000Z,54,0,null,null,Relajar,null,0,1,"12/20/2024, 11:56:24 ?",5,1,15,activity_relax_7,0,null,"01/20/2025, 12:30:00 ?","01/20/2025, 13:30:00 ?",2,1,4,0,50,CET,null,0,null,0,0,null,null,PrepÃ¡rate,0,2025-01-20T11:30:00.000Z,5.0 (11),"12/20/2024, 11:56:24 ?",9ptmogeelyp9xr5j2rvldjxss8jkgp4g190,null,null,,null
fbe00,149c33ef5c,CET,2024-12-20T10:56:24.000Z,fd39b77737,8793,2025-01-28T20:00:00.000Z,84,0,null,null,Comer,null,0,1,"12/20/2024, 11:56:24 ?",3,1,6,activity_eat_0,0,null,"01/28/2025, 20:30:00 ?","01/28/2025, 21:00:00 ?",2,1,4,0,82,CET,null,0,null,0,0,null,null,Comer,0,2025-01-28T19:30:00.000Z,5.0 (11),"12/20/2024, 11:56:24 ?",9ptmogeelyp9xr5j2rvldjxss8jkgp4g191,null,null,,null
fbe00,149c33ef5c,CET,2024-12-20T10:56:24.000Z,ee49e9af37,8797,2025-02-01T20:00:00.000Z,84,0,null,null,Comer,null,0,1,"12/20/2024, 11:56:24 ?",3,1,6,activity_eat_0,0,null,"02/01/2025, 20:30:00 ?","02/01/2025, 21:00:00 ?",2,1,4,0,82,CET,null,0,null,0,0,null,null,Comer,0,2025-02-01T19:30:00.000Z,5.0 (11),"12/20/2024, 11:56:24 ?",9ptmogeelyp9xr5j2rvldjxss8jkgp4g192,null,null,,null
